attachments,author_handle,author_name,caption_tracks,capture_date_utc,content_html,content_text,created_at_utc,is_quote,is_retruth,media_urls,post_type,post_type_evidence,reblogged_status,schema_version,source,source_url,training,trumpstruth_id,truth_id,truth_url,created_at_et,post_date_et,iran_related,event_date,relative_day,window_label,ucdp_event_count,ucdp_event_ids,ucdp_us_involvement,ucdp_involvement_evidence,ucdp_where_coordinates,ucdp_source_headline
[],realDonaldTrump,Donald J. Trump,[],2026-06-11 20:51:00,"<p>Trump’s bold move to rid the world of Iran’s evil regime once and for all: <a href=""https://nypost.com/2026/02/28/opinion/trumps-bold-move-to-rid-the-world-of-irans-evil-regime-once-and-for-all/"" rel=""nofollow noopener noreferrer"" target=""_blank""><span class=""invisible"">https://</span><span class=""ellipsis"">nypost.com/2026/02/28/opinion/</span><span class=""invisible"">trumps-bold-move-to-rid-the-world-of-irans-evil-regime-once-and-for-all/</span></a></p>",Trump’s bold move to rid the world of Iran’s evil regime once and for all: https://nypost.com/2026/02/28/opinion/trumps-bold-move-to-rid-the-world-of-irans-evil-regime-once-and-for-all/,2026-03-01 14:55:00+00:00,False,False,[],original,detail_default_no_reblog_or_quote_marker,,truth_social_post_from_trumpstruth_detail.v1,trumpstruth_status_detail,https://trumpstruth.org/statuses/37008,"{'eligible': True, 'exclusion_reason': None}",37008,116154493534592978,https://truthsocial.com/@realDonaldTrump/116154493534592978,2026-03-01 09:55:00-05:00,2026-03-01,True,2026-02-28,1,day_after,7,620876 | 620877 | 621091 | 625182 | 625367 | 625374 | 629399,Joint US-Israel,"1st LD Writethru: Death toll rises to 148 in U.S.-Israeli attack on Iranian school | Iran leader Khamenei killed in massive US and Israeli attack | US-Israel attacks on Iran: Death toll and injuries live tracker | Iran reports 3,468 dead in war with US, Israel: official | 5 killed in U.S.-Israeli raid on port city in Iran | 1st LD Writethru: Death toll rises to 13 from U.S.-Israeli attacks on bridge in N. Iran | More than 40 Iranian seafarers killed during US-Israeli war: Union leader


AU 


Erin Hale",Minab town | Tehran city | Iran | Hormozgan province | Alborz province | Straight of Hormuz,"Children must not be 'collateral damage' in Mideast war: UN experts;Iran says Minab school strike death toll 155: state TV;Death toll in strike on southern Iran school reaches 40: state media;Death toll from attack on school in Iran's south rises to 85: judiciary;Iran Red Crescent says death toll from strike that hit school in south now 108;1st LD Writethru: Death toll rises to 148 in U.S.-Israeli attack on Iranian school;USA/Iran: Those responsible for deadly and unlawful US strike on school that killed over 100 children must be held accountable | Iran leader Khamenei killed in massive US and Israeli attack;Israel army says Iran Guards chief Mohammad Pakpour killed in strikes;Khamenei killed in US-Israeli strike, Iran confirms

CR 

Source: Islamic Republic of Iran News Network (IRINN), Tehran, in Persian 0128 GMT 1 Mar 26 | Iran Red Crescent says 555 people killed in Iran since start of war;Iran Red Crescent says 787 killed so far since war began;US-Israel attacks on Iran: Death toll and injuries live tracker | Iran reports 3,468 dead in war with US, Israel: official;Iran state media says more than 1,000 killed in strikes;Iranian state-run foundation says 1,230 killed in strikes;Iranian government agency says at least 1,045 people have been killed in the war so far;1st LD Writethru: At least 1,332 Iranian civilians killed in U.S.-Israeli airstrikes: Iran's UN envoy;1st LD Writethru: Israeli military says about 1,900 Iranian soldiers, commanders killed in strikes;1st LD Writethru: U.S.-Israeli strikes kill 226 women, 204 children in Iran -- media;Iran emergency workers search for survivors after deadly US-Israel attacks;Iran says 1,255 people killed in US-Israeli attacks, mostly civilians;Iran war live: Israel hits Lebanon, Hormuz fears rise, Gulf states attacked


AU 


Mariamne Everett, Elis Gjevori, Tim Hume;Explosions near Tehran al-Quds Day march in solidarity with Palestinians;At least 7,650 killed in 40 days of war, including 1,030 civilians — Hengaw’s tenth report;Iran puts war death toll at 3,468, says 45% were civilians

CR 

Source: Tasnim news agency, Tehran, in Persian 0913 GMT 26 Apr 26;Iran says identities of 3,375 killed in 40‑day war confirmed

CR 

Source: Islamic Republic News Agency (IRNA) website, Tehran, in Persian 1207 GMT 12 Apr 26;Day 32 of U.S. and Israeli Attacks on Iran: Strikes Focused on Central Regions of the Country | 5 killed in U.S.-Israeli raid on port city in Iran | 1st LD Writethru: Death toll rises to 13 from U.S.-Israeli attacks on bridge in N. Iran | More than 40 Iranian seafarers killed during US-Israeli war: Union leader


AU 


Erin Hale"
[],realDonaldTrump,Donald J. Trump,[],2026-06-12 01:08:00,"<p>Iran just stated that they are going to hit very hard today, harder than they have ever been hit before. THEY BETTER NOT DO THAT, HOWEVER, BECAUSE IF THEY DO, WE WILL HIT THEM WITH A FORCE THAT HAS NEVER BEEN SEEN BEFORE! Thank you for your attention to this matter! President DONALD J. TRUMP</p>","Iran just stated that they are going to hit very hard today, harder than they have ever been hit before. THEY BETTER NOT DO THAT, HOWEVER, BECAUSE IF THEY DO, WE WILL HIT THEM WITH A FORCE THAT HAS NEVER BEEN SEEN BEFORE! Thank you for your attention to this matter! President DONALD J. TRUMP",2026-03-01 05:22:00+00:00,False,False,[],original,detail_default_no_reblog_or_quote_marker,,truth_social_post_from_trumpstruth_detail.v1,trumpstruth_status_detail,https://trumpstruth.org/statuses/36999,"{'eligible': True, 'exclusion_reason': None}",36999,116152241303132753,https://truthsocial.com/@realDonaldTrump/116152241303132753,2026-03-01 00:22:00-05:00,2026-03-01,True,2026-02-28,1,day_after,7,620876 | 620877 | 621091 | 625182 | 625367 | 625374 | 629399,Joint US-Israel,"1st LD Writethru: Death toll rises to 148 in U.S.-Israeli attack on Iranian school | Iran leader Khamenei killed in massive US and Israeli attack | US-Israel attacks on Iran: Death toll and injuries live tracker | Iran reports 3,468 dead in war with US, Israel: official | 5 killed in U.S.-Israeli raid on port city in Iran | 1st LD Writethru: Death toll rises to 13 from U.S.-Israeli attacks on bridge in N. Iran | More than 40 Iranian seafarers killed during US-Israeli war: Union leader


AU 


Erin Hale",Minab town | Tehran city | Iran | Hormozgan province | Alborz province | Straight of Hormuz,"Children must not be 'collateral damage' in Mideast war: UN experts;Iran says Minab school strike death toll 155: state TV;Death toll in strike on southern Iran school reaches 40: state media;Death toll from attack on school in Iran's south rises to 85: judiciary;Iran Red Crescent says death toll from strike that hit school in south now 108;1st LD Writethru: Death toll rises to 148 in U.S.-Israeli attack on Iranian school;USA/Iran: Those responsible for deadly and unlawful US strike on school that killed over 100 children must be held accountable | Iran leader Khamenei killed in massive US and Israeli attack;Israel army says Iran Guards chief Mohammad Pakpour killed in strikes;Khamenei killed in US-Israeli strike, Iran confirms

CR 

Source: Islamic Republic of Iran News Network (IRINN), Tehran, in Persian 0128 GMT 1 Mar 26 | Iran Red Crescent says 555 people killed in Iran since start of war;Iran Red Crescent says 787 killed so far since war began;US-Israel attacks on Iran: Death toll and injuries live tracker | Iran reports 3,468 dead in war with US, Israel: official;Iran state media says more than 1,000 killed in strikes;Iranian state-run foundation says 1,230 killed in strikes;Iranian government agency says at least 1,045 people have been killed in the war so far;1st LD Writethru: At least 1,332 Iranian civilians killed in U.S.-Israeli airstrikes: Iran's UN envoy;1st LD Writethru: Israeli military says about 1,900 Iranian soldiers, commanders killed in strikes;1st LD Writethru: U.S.-Israeli strikes kill 226 women, 204 children in Iran -- media;Iran emergency workers search for survivors after deadly US-Israel attacks;Iran says 1,255 people killed in US-Israeli attacks, mostly civilians;Iran war live: Israel hits Lebanon, Hormuz fears rise, Gulf states attacked


AU 


Mariamne Everett, Elis Gjevori, Tim Hume;Explosions near Tehran al-Quds Day march in solidarity with Palestinians;At least 7,650 killed in 40 days of war, including 1,030 civilians — Hengaw’s tenth report;Iran puts war death toll at 3,468, says 45% were civilians

CR 

Source: Tasnim news agency, Tehran, in Persian 0913 GMT 26 Apr 26;Iran says identities of 3,375 killed in 40‑day war confirmed

CR 

Source: Islamic Republic News Agency (IRNA) website, Tehran, in Persian 1207 GMT 12 Apr 26;Day 32 of U.S. and Israeli Attacks on Iran: Strikes Focused on Central Regions of the Country | 5 killed in U.S.-Israeli raid on port city in Iran | 1st LD Writethru: Death toll rises to 13 from U.S.-Israeli attacks on bridge in N. Iran | More than 40 Iranian seafarers killed during US-Israeli war: Union leader


AU 


Erin Hale"
[],realDonaldTrump,Donald J. Trump,[],2026-06-12 01:10:00,"<p>Khamenei, one of the most evil people in History, is dead. This is not only Justice for the people of Iran, but for all Great Americans, and those people from many Countries throughout the World, that have been killed or mutilated by Khamenei and his gang of bloodthirsty THUGS. He was unable to avoid our Intelligence and Highly Sophisticated Tracking Systems and, working closely with Israel, there was not a thing he, or the other leaders that have been killed along with him, could do. This is the single greatest chance for the Iranian people to take back their Country. We are hearing that many of their IRGC, Military, and other Security and Police Forces, no longer want to fight, and are looking for Immunity from us. As I said last night, “Now they can have Immunity, later they only get Death!” Hopefully, the IRGC and Police will peacefully merge with the Iranian Patriots, and work together as a unit to bring back the Country to the Greatness it deserves. That process should soon be starting in that, not only the death of Khamenei but the Country has been, in only one day, very much destroyed and, even, obliterated. The heavy and pinpoint bombing, however, will continue, uninterrupted throughout the week or, as long as necessary to achieve our objective of PEACE THROUGHOUT THE MIDDLE EAST AND, INDEED, THE WORLD!</p><p>Thank you for your attention to this matter.</p><p>PRESIDENT DONALD J. TRUMP</p>","Khamenei, one of the most evil people in History, is dead. This is not only Justice for the people of Iran, but for all Great Americans, and those people from many Countries throughout the World, that have been killed or mutilated by Khamenei and his gang of bloodthirsty THUGS. He was unable to avoid our Intelligence and Highly Sophisticated Tracking Systems and, working closely with Israel, there was not a thing he, or the other leaders that have been killed along with him, could do. This is the single greatest chance for the Iranian people to take back their Country. We are hearing that many of their IRGC, Military, and other Security and Police Forces, no longer want to fight, and are looking for Immunity from us. As I said last night, “Now they can have Immunity, later they only get Death!” Hopefully, the IRGC and Police will peacefully merge with the Iranian Patriots, and work together as a unit to bring back the Country to the Greatness it deserves. That process should soon be starting in that, not only the death of Khamenei but the Country has been, in only one day, very much destroyed and, even, obliterated. The heavy and pinpoint bombing, however, will continue, uninterrupted throughout the week or, as long as necessary to achieve our objective of PEACE THROUGHOUT THE MIDDLE EAST AND, INDEED, THE WORLD!
Thank you for your attention to this matter.
PRESIDENT DONALD J. TRUMP",2026-02-28 21:37:00+00:00,False,False,[],original,detail_default_no_reblog_or_quote_marker,,truth_social_post_from_trumpstruth_detail.v1,trumpstruth_status_detail,https://trumpstruth.org/statuses/36996,"{'eligible': True, 'exclusion_reason': None}",36996,116150413051904167,https://truthsocial.com/@realDonaldTrump/116150413051904167,2026-02-28 16:37:00-05:00,2026-02-28,True,2026-02-28,0,day_of,7,620876 | 620877 | 621091 | 625182 | 625367 | 625374 | 629399,Joint US-Israel,"1st LD Writethru: Death toll rises to 148 in U.S.-Israeli attack on Iranian school | Iran leader Khamenei killed in massive US and Israeli attack | US-Israel attacks on Iran: Death toll and injuries live tracker | Iran reports 3,468 dead in war with US, Israel: official | 5 killed in U.S.-Israeli raid on port city in Iran | 1st LD Writethru: Death toll rises to 13 from U.S.-Israeli attacks on bridge in N. Iran | More than 40 Iranian seafarers killed during US-Israeli war: Union leader


AU 


Erin Hale",Minab town | Tehran city | Iran | Hormozgan province | Alborz province | Straight of Hormuz,"Children must not be 'collateral damage' in Mideast war: UN experts;Iran says Minab school strike death toll 155: state TV;Death toll in strike on southern Iran school reaches 40: state media;Death toll from attack on school in Iran's south rises to 85: judiciary;Iran Red Crescent says death toll from strike that hit school in south now 108;1st LD Writethru: Death toll rises to 148 in U.S.-Israeli attack on Iranian school;USA/Iran: Those responsible for deadly and unlawful US strike on school that killed over 100 children must be held accountable | Iran leader Khamenei killed in massive US and Israeli attack;Israel army says Iran Guards chief Mohammad Pakpour killed in strikes;Khamenei killed in US-Israeli strike, Iran confirms

CR 

Source: Islamic Republic of Iran News Network (IRINN), Tehran, in Persian 0128 GMT 1 Mar 26 | Iran Red Crescent says 555 people killed in Iran since start of war;Iran Red Crescent says 787 killed so far since war began;US-Israel attacks on Iran: Death toll and injuries live tracker | Iran reports 3,468 dead in war with US, Israel: official;Iran state media says more than 1,000 killed in strikes;Iranian state-run foundation says 1,230 killed in strikes;Iranian government agency says at least 1,045 people have been killed in the war so far;1st LD Writethru: At least 1,332 Iranian civilians killed in U.S.-Israeli airstrikes: Iran's UN envoy;1st LD Writethru: Israeli military says about 1,900 Iranian soldiers, commanders killed in strikes;1st LD Writethru: U.S.-Israeli strikes kill 226 women, 204 children in Iran -- media;Iran emergency workers search for survivors after deadly US-Israel attacks;Iran says 1,255 people killed in US-Israeli attacks, mostly civilians;Iran war live: Israel hits Lebanon, Hormuz fears rise, Gulf states attacked


AU 


Mariamne Everett, Elis Gjevori, Tim Hume;Explosions near Tehran al-Quds Day march in solidarity with Palestinians;At least 7,650 killed in 40 days of war, including 1,030 civilians — Hengaw’s tenth report;Iran puts war death toll at 3,468, says 45% were civilians

CR 

Source: Tasnim news agency, Tehran, in Persian 0913 GMT 26 Apr 26;Iran says identities of 3,375 killed in 40‑day war confirmed

CR 

Source: Islamic Republic News Agency (IRNA) website, Tehran, in Persian 1207 GMT 12 Apr 26;Day 32 of U.S. and Israeli Attacks on Iran: Strikes Focused on Central Regions of the Country | 5 killed in U.S.-Israeli raid on port city in Iran | 1st LD Writethru: Death toll rises to 13 from U.S.-Israeli attacks on bridge in N. Iran | More than 40 Iranian seafarers killed during US-Israeli war: Union leader


AU 


Erin Hale"
[],realDonaldTrump,Donald J. Trump,[],2026-06-12 05:02:00,"<p>Iran tried to interfere in 2020, 2024 elections to stop Trump, and now faces renewed war with United States:<br></br><a href=""https://justthenews.com/government/security/iranians-tried-interfere-2020-and-2024-stop-trump-iran-now-faces-possible-war"" rel=""nofollow noopener noreferrer"" target=""_blank""><span class=""invisible"">https://</span><span class=""ellipsis"">justthenews.com/government/sec</span><span class=""invisible"">urity/iranians-tried-interfere-2020-and-2024-stop-trump-iran-now-faces-possible-war</span></a></p>","Iran tried to interfere in 2020, 2024 elections to stop Trump, and now faces renewed war with United States:
https://justthenews.com/government/security/iranians-tried-interfere-2020-and-2024-stop-trump-iran-now-faces-possible-war",2026-02-28 09:35:00+00:00,False,False,[],original,detail_default_no_reblog_or_quote_marker,,truth_social_post_from_trumpstruth_detail.v1,trumpstruth_status_detail,https://trumpstruth.org/statuses/36993,"{'eligible': True, 'exclusion_reason': None}",36993,116147572522796874,https://truthsocial.com/@realDonaldTrump/116147572522796874,2026-02-28 04:35:00-05:00,2026-02-28,True,2026-02-28,0,day_of,7,620876 | 620877 | 621091 | 625182 | 625367 | 625374 | 629399,Joint US-Israel,"1st LD Writethru: Death toll rises to 148 in U.S.-Israeli attack on Iranian school | Iran leader Khamenei killed in massive US and Israeli attack | US-Israel attacks on Iran: Death toll and injuries live tracker | Iran reports 3,468 dead in war with US, Israel: official | 5 killed in U.S.-Israeli raid on port city in Iran | 1st LD Writethru: Death toll rises to 13 from U.S.-Israeli attacks on bridge in N. Iran | More than 40 Iranian seafarers killed during US-Israeli war: Union leader


AU 


Erin Hale",Minab town | Tehran city | Iran | Hormozgan province | Alborz province | Straight of Hormuz,"Children must not be 'collateral damage' in Mideast war: UN experts;Iran says Minab school strike death toll 155: state TV;Death toll in strike on southern Iran school reaches 40: state media;Death toll from attack on school in Iran's south rises to 85: judiciary;Iran Red Crescent says death toll from strike that hit school in south now 108;1st LD Writethru: Death toll rises to 148 in U.S.-Israeli attack on Iranian school;USA/Iran: Those responsible for deadly and unlawful US strike on school that killed over 100 children must be held accountable | Iran leader Khamenei killed in massive US and Israeli attack;Israel army says Iran Guards chief Mohammad Pakpour killed in strikes;Khamenei killed in US-Israeli strike, Iran confirms

CR 

Source: Islamic Republic of Iran News Network (IRINN), Tehran, in Persian 0128 GMT 1 Mar 26 | Iran Red Crescent says 555 people killed in Iran since start of war;Iran Red Crescent says 787 killed so far since war began;US-Israel attacks on Iran: Death toll and injuries live tracker | Iran reports 3,468 dead in war with US, Israel: official;Iran state media says more than 1,000 killed in strikes;Iranian state-run foundation says 1,230 killed in strikes;Iranian government agency says at least 1,045 people have been killed in the war so far;1st LD Writethru: At least 1,332 Iranian civilians killed in U.S.-Israeli airstrikes: Iran's UN envoy;1st LD Writethru: Israeli military says about 1,900 Iranian soldiers, commanders killed in strikes;1st LD Writethru: U.S.-Israeli strikes kill 226 women, 204 children in Iran -- media;Iran emergency workers search for survivors after deadly US-Israel attacks;Iran says 1,255 people killed in US-Israeli attacks, mostly civilians;Iran war live: Israel hits Lebanon, Hormuz fears rise, Gulf states attacked


AU 


Mariamne Everett, Elis Gjevori, Tim Hume;Explosions near Tehran al-Quds Day march in solidarity with Palestinians;At least 7,650 killed in 40 days of war, including 1,030 civilians — Hengaw’s tenth report;Iran puts war death toll at 3,468, says 45% were civilians

CR 

Source: Tasnim news agency, Tehran, in Persian 0913 GMT 26 Apr 26;Iran says identities of 3,375 killed in 40‑day war confirmed

CR 

Source: Islamic Republic News Agency (IRNA) website, Tehran, in Persian 1207 GMT 12 Apr 26;Day 32 of U.S. and Israeli Attacks on Iran: Strikes Focused on Central Regions of the Country | 5 killed in U.S.-Israeli raid on port city in Iran | 1st LD Writethru: Death toll rises to 13 from U.S.-Israeli attacks on bridge in N. Iran | More than 40 Iranian seafarers killed during US-Israeli war: Union leader


AU 


Erin Hale"
[],realDonaldTrump,Donald J. Trump,[],2026-06-12 01:42:00,"<p>Iran just stated that they are going to hit very hard today, harder than they have ever hit before. THEY BETTER NOT DO THAT, HOWEVER, BECAUSE IF THEY DO, WE WILL HIT THEM WITH A FORCE THAT HAS NEVER BEEN SEEN BEFORE! Thank you for your attention to this matter! President DONALD J. TRUMP</p>","Iran just stated that they are going to hit very hard today, harder than they have ever hit before. THEY BETTER NOT DO THAT, HOWEVER, BECAUSE IF THEY DO, WE WILL HIT THEM WITH A FORCE THAT HAS NEVER BEEN SEEN BEFORE! Thank you for your attention to this matter! President DONALD J. TRUMP",2026-03-01 05:25:00+00:00,False,False,[],original,detail_default_no_reblog_or_quote_marker,,truth_social_post_from_trumpstruth_detail.v1,trumpstruth_status_detail,https://trumpstruth.org/statuses/37000,"{'eligible': True, 'exclusion_reason': None}",37000,116152251973821428,https://truthsocial.com/@realDonaldTrump/116152251973821428,2026-03-01 00:25:00-05:00,2026-03-01,True,2026-02-28,1,day_after,7,620876 | 620877 | 621091 | 625182 | 625367 | 625374 | 629399,Joint US-Israel,"1st LD Writethru: Death toll rises to 148 in U.S.-Israeli attack on Iranian school | Iran leader Khamenei killed in massive US and Israeli attack | US-Israel attacks on Iran: Death toll and injuries live tracker | Iran reports 3,468 dead in war with US, Israel: official | 5 killed in U.S.-Israeli raid on port city in Iran | 1st LD Writethru: Death toll rises to 13 from U.S.-Israeli attacks on bridge in N. Iran | More than 40 Iranian seafarers killed during US-Israeli war: Union leader


AU 


Erin Hale",Minab town | Tehran city | Iran | Hormozgan province | Alborz province | Straight of Hormuz,"Children must not be 'collateral damage' in Mideast war: UN experts;Iran says Minab school strike death toll 155: state TV;Death toll in strike on southern Iran school reaches 40: state media;Death toll from attack on school in Iran's south rises to 85: judiciary;Iran Red Crescent says death toll from strike that hit school in south now 108;1st LD Writethru: Death toll rises to 148 in U.S.-Israeli attack on Iranian school;USA/Iran: Those responsible for deadly and unlawful US strike on school that killed over 100 children must be held accountable | Iran leader Khamenei killed in massive US and Israeli attack;Israel army says Iran Guards chief Mohammad Pakpour killed in strikes;Khamenei killed in US-Israeli strike, Iran confirms

CR 

Source: Islamic Republic of Iran News Network (IRINN), Tehran, in Persian 0128 GMT 1 Mar 26 | Iran Red Crescent says 555 people killed in Iran since start of war;Iran Red Crescent says 787 killed so far since war began;US-Israel attacks on Iran: Death toll and injuries live tracker | Iran reports 3,468 dead in war with US, Israel: official;Iran state media says more than 1,000 killed in strikes;Iranian state-run foundation says 1,230 killed in strikes;Iranian government agency says at least 1,045 people have been killed in the war so far;1st LD Writethru: At least 1,332 Iranian civilians killed in U.S.-Israeli airstrikes: Iran's UN envoy;1st LD Writethru: Israeli military says about 1,900 Iranian soldiers, commanders killed in strikes;1st LD Writethru: U.S.-Israeli strikes kill 226 women, 204 children in Iran -- media;Iran emergency workers search for survivors after deadly US-Israel attacks;Iran says 1,255 people killed in US-Israeli attacks, mostly civilians;Iran war live: Israel hits Lebanon, Hormuz fears rise, Gulf states attacked


AU 


Mariamne Everett, Elis Gjevori, Tim Hume;Explosions near Tehran al-Quds Day march in solidarity with Palestinians;At least 7,650 killed in 40 days of war, including 1,030 civilians — Hengaw’s tenth report;Iran puts war death toll at 3,468, says 45% were civilians

CR 

Source: Tasnim news agency, Tehran, in Persian 0913 GMT 26 Apr 26;Iran says identities of 3,375 killed in 40‑day war confirmed

CR 

Source: Islamic Republic News Agency (IRNA) website, Tehran, in Persian 1207 GMT 12 Apr 26;Day 32 of U.S. and Israeli Attacks on Iran: Strikes Focused on Central Regions of the Country | 5 killed in U.S.-Israeli raid on port city in Iran | 1st LD Writethru: Death toll rises to 13 from U.S.-Israeli attacks on bridge in N. Iran | More than 40 Iranian seafarers killed during US-Israeli war: Union leader


AU 


Erin Hale"
[],realDonaldTrump,Donald J. Trump,[],2026-06-11 21:30:00,"<p>Michael Goodwin: The death of Ayatollah Khamenei instantly makes the world a better place: <a href=""https://nypost.com/2026/02/28/opinion/trump-stood-by-his-words-and-attacked-iran-ending-the-reign-of-khamenei/"" rel=""nofollow noopener noreferrer"" target=""_blank""><span class=""invisible"">https://</span><span class=""ellipsis"">nypost.com/2026/02/28/opinion/</span><span class=""invisible"">trump-stood-by-his-words-and-attacked-iran-ending-the-reign-of-khamenei/</span></a></p>",Michael Goodwin: The death of Ayatollah Khamenei instantly makes the world a better place: https://nypost.com/2026/02/28/opinion/trump-stood-by-his-words-and-attacked-iran-ending-the-reign-of-khamenei/,2026-03-01 12:40:00+00:00,False,False,[],original,detail_default_no_reblog_or_quote_marker,,truth_social_post_from_trumpstruth_detail.v1,trumpstruth_status_detail,https://trumpstruth.org/statuses/37001,"{'eligible': True, 'exclusion_reason': None}",37001,116153963970975385,https://truthsocial.com/@realDonaldTrump/116153963970975385,2026-03-01 07:40:00-05:00,2026-03-01,True,2026-02-28,1,day_after,7,620876 | 620877 | 621091 | 625182 | 625367 | 625374 | 629399,Joint US-Israel,"1st LD Writethru: Death toll rises to 148 in U.S.-Israeli attack on Iranian school | Iran leader Khamenei killed in massive US and Israeli attack | US-Israel attacks on Iran: Death toll and injuries live tracker | Iran reports 3,468 dead in war with US, Israel: official | 5 killed in U.S.-Israeli raid on port city in Iran | 1st LD Writethru: Death toll rises to 13 from U.S.-Israeli attacks on bridge in N. Iran | More than 40 Iranian seafarers killed during US-Israeli war: Union leader


AU 


Erin Hale",Minab town | Tehran city | Iran | Hormozgan province | Alborz province | Straight of Hormuz,"Children must not be 'collateral damage' in Mideast war: UN experts;Iran says Minab school strike death toll 155: state TV;Death toll in strike on southern Iran school reaches 40: state media;Death toll from attack on school in Iran's south rises to 85: judiciary;Iran Red Crescent says death toll from strike that hit school in south now 108;1st LD Writethru: Death toll rises to 148 in U.S.-Israeli attack on Iranian school;USA/Iran: Those responsible for deadly and unlawful US strike on school that killed over 100 children must be held accountable | Iran leader Khamenei killed in massive US and Israeli attack;Israel army says Iran Guards chief Mohammad Pakpour killed in strikes;Khamenei killed in US-Israeli strike, Iran confirms

CR 

Source: Islamic Republic of Iran News Network (IRINN), Tehran, in Persian 0128 GMT 1 Mar 26 | Iran Red Crescent says 555 people killed in Iran since start of war;Iran Red Crescent says 787 killed so far since war began;US-Israel attacks on Iran: Death toll and injuries live tracker | Iran reports 3,468 dead in war with US, Israel: official;Iran state media says more than 1,000 killed in strikes;Iranian state-run foundation says 1,230 killed in strikes;Iranian government agency says at least 1,045 people have been killed in the war so far;1st LD Writethru: At least 1,332 Iranian civilians killed in U.S.-Israeli airstrikes: Iran's UN envoy;1st LD Writethru: Israeli military says about 1,900 Iranian soldiers, commanders killed in strikes;1st LD Writethru: U.S.-Israeli strikes kill 226 women, 204 children in Iran -- media;Iran emergency workers search for survivors after deadly US-Israel attacks;Iran says 1,255 people killed in US-Israeli attacks, mostly civilians;Iran war live: Israel hits Lebanon, Hormuz fears rise, Gulf states attacked


AU 


Mariamne Everett, Elis Gjevori, Tim Hume;Explosions near Tehran al-Quds Day march in solidarity with Palestinians;At least 7,650 killed in 40 days of war, including 1,030 civilians — Hengaw’s tenth report;Iran puts war death toll at 3,468, says 45% were civilians

CR 

Source: Tasnim news agency, Tehran, in Persian 0913 GMT 26 Apr 26;Iran says identities of 3,375 killed in 40‑day war confirmed

CR 

Source: Islamic Republic News Agency (IRNA) website, Tehran, in Persian 1207 GMT 12 Apr 26;Day 32 of U.S. and Israeli Attacks on Iran: Strikes Focused on Central Regions of the Country | 5 killed in U.S.-Israeli raid on port city in Iran | 1st LD Writethru: Death toll rises to 13 from U.S.-Israeli attacks on bridge in N. Iran | More than 40 Iranian seafarers killed during US-Israeli war: Union leader


AU 


Erin Hale"
[],realDonaldTrump,Donald J. Trump,[],2026-06-11 20:01:00,"<p>I have just been informed that we have destroyed and sunk 9 Iranian Naval Ships, some of them relatively large and important. We are going after the rest — They will soon be floating at the bottom of the sea, also! In a different attack, we largely destroyed their Naval Headquarters. Other than that, their Navy is doing very well! PRESIDENT DONALD J. TRUMP</p>","I have just been informed that we have destroyed and sunk 9 Iranian Naval Ships, some of them relatively large and important. We are going after the rest — They will soon be floating at the bottom of the sea, also! In a different attack, we largely destroyed their Naval Headquarters. Other than that, their Navy is doing very well! PRESIDENT DONALD J. TRUMP",2026-03-01 17:21:00+00:00,False,False,[],original,detail_default_no_reblog_or_quote_marker,,truth_social_post_from_trumpstruth_detail.v1,trumpstruth_status_detail,https://trumpstruth.org/statuses/37010,"{'eligible': True, 'exclusion_reason': None}",37010,116155069503653714,https://truthsocial.com/@realDonaldTrump/116155069503653714,2026-03-01 12:21:00-05:00,2026-03-01,True,2026-02-28,1,day_after,7,620876 | 620877 | 621091 | 625182 | 625367 | 625374 | 629399,Joint US-Israel,"1st LD Writethru: Death toll rises to 148 in U.S.-Israeli attack on Iranian school | Iran leader Khamenei killed in massive US and Israeli attack | US-Israel attacks on Iran: Death toll and injuries live tracker | Iran reports 3,468 dead in war with US, Israel: official | 5 killed in U.S.-Israeli raid on port city in Iran | 1st LD Writethru: Death toll rises to 13 from U.S.-Israeli attacks on bridge in N. Iran | More than 40 Iranian seafarers killed during US-Israeli war: Union leader


AU 


Erin Hale",Minab town | Tehran city | Iran | Hormozgan province | Alborz province | Straight of Hormuz,"Children must not be 'collateral damage' in Mideast war: UN experts;Iran says Minab school strike death toll 155: state TV;Death toll in strike on southern Iran school reaches 40: state media;Death toll from attack on school in Iran's south rises to 85: judiciary;Iran Red Crescent says death toll from strike that hit school in south now 108;1st LD Writethru: Death toll rises to 148 in U.S.-Israeli attack on Iranian school;USA/Iran: Those responsible for deadly and unlawful US strike on school that killed over 100 children must be held accountable | Iran leader Khamenei killed in massive US and Israeli attack;Israel army says Iran Guards chief Mohammad Pakpour killed in strikes;Khamenei killed in US-Israeli strike, Iran confirms

CR 

Source: Islamic Republic of Iran News Network (IRINN), Tehran, in Persian 0128 GMT 1 Mar 26 | Iran Red Crescent says 555 people killed in Iran since start of war;Iran Red Crescent says 787 killed so far since war began;US-Israel attacks on Iran: Death toll and injuries live tracker | Iran reports 3,468 dead in war with US, Israel: official;Iran state media says more than 1,000 killed in strikes;Iranian state-run foundation says 1,230 killed in strikes;Iranian government agency says at least 1,045 people have been killed in the war so far;1st LD Writethru: At least 1,332 Iranian civilians killed in U.S.-Israeli airstrikes: Iran's UN envoy;1st LD Writethru: Israeli military says about 1,900 Iranian soldiers, commanders killed in strikes;1st LD Writethru: U.S.-Israeli strikes kill 226 women, 204 children in Iran -- media;Iran emergency workers search for survivors after deadly US-Israel attacks;Iran says 1,255 people killed in US-Israeli attacks, mostly civilians;Iran war live: Israel hits Lebanon, Hormuz fears rise, Gulf states attacked


AU 


Mariamne Everett, Elis Gjevori, Tim Hume;Explosions near Tehran al-Quds Day march in solidarity with Palestinians;At least 7,650 killed in 40 days of war, including 1,030 civilians — Hengaw’s tenth report;Iran puts war death toll at 3,468, says 45% were civilians

CR 

Source: Tasnim news agency, Tehran, in Persian 0913 GMT 26 Apr 26;Iran says identities of 3,375 killed in 40‑day war confirmed

CR 

Source: Islamic Republic News Agency (IRNA) website, Tehran, in Persian 1207 GMT 12 Apr 26;Day 32 of U.S. and Israeli Attacks on Iran: Strikes Focused on Central Regions of the Country | 5 killed in U.S.-Israeli raid on port city in Iran | 1st LD Writethru: Death toll rises to 13 from U.S.-Israeli attacks on bridge in N. Iran | More than 40 Iranian seafarers killed during US-Israeli war: Union leader


AU 


Erin Hale"
[],realDonaldTrump,Donald J. Trump,[],2026-06-13 08:01:00,"<p>Effective IMMEDIATELY, I have ordered the United States Development Finance Corporation (DFC) to provide, at a very reasonable price, political risk insurance and guarantees for the Financial Security of ALL Maritime Trade, especially Energy, traveling through the Gulf. This will be available to all Shipping Lines. If necessary, the United States Navy will begin escorting tankers through the Strait of Hormuz, as soon as possible. No matter what, the United States will ensure the FREE FLOW of ENERGY to the WORLD. The United States’ ECONOMIC and MILITARY MIGHT is the GREATEST ON EARTH — More actions to come. Thank you for your attention to this matter! President DONALD J. TRUMP</p>","Effective IMMEDIATELY, I have ordered the United States Development Finance Corporation (DFC) to provide, at a very reasonable price, political risk insurance and guarantees for the Financial Security of ALL Maritime Trade, especially Energy, traveling through the Gulf. This will be available to all Shipping Lines. If necessary, the United States Navy will begin escorting tankers through the Strait of Hormuz, as soon as possible. No matter what, the United States will ensure the FREE FLOW of ENERGY to the WORLD. The United States’ ECONOMIC and MILITARY MIGHT is the GREATEST ON EARTH — More actions to come. Thank you for your attention to this matter! President DONALD J. TRUMP",2026-03-03 19:37:00+00:00,False,False,[],original,detail_default_no_reblog_or_quote_marker,,truth_social_post_from_trumpstruth_detail.v1,trumpstruth_status_detail,https://trumpstruth.org/statuses/37065,"{'eligible': True, 'exclusion_reason': None}",37065,116166926920657651,https://truthsocial.com/@realDonaldTrump/116166926920657651,2026-03-03 14:37:00-05:00,2026-03-03,True,2026-03-04,-1,day_before,1,625183,US,US says it killed leader of unit that tried to assassinate Trump,Iran,US says it killed leader of unit that tried to assassinate Trump
"[{'archive_url': 'https://truth-archive.us-iad-1.linodeobjects.com/attachments/15602/b6f0953ea59037d9.png', 'description_text': 'Marc Thiessen tweet discussing ""Operation Epic Fury"" and the emergence of the ""Trump Doctrine"" as a new guiding principle for U.S. global leadership. Image shows a person in a red ""USA"" hat walking on grass at night, with a helicopter and a uniformed guard in the background. The tweet includes various flag emojis and indicates it\'s sourced from washingtonpost.com, with a timestamp of 7:37 AM, March 3, 2026.', 'has_file_information': True, 'index': 1, 'info_label': 'Image Description', 'media_type': 'image', 'thumbnail_url': 'https://static-assets-1.truthsocial.com/tmtg:prime-ts-assets/media_attachments/files/116/165/370/562/844/875/small/b6f0953ea59037d9.png'}]",realDonaldTrump,Donald J. Trump,[],2026-06-11 05:23:00,"<p>Have unlimited mid to upper tier Weaponry - Brutal “stuff.” Wall Street Journal story was wrong, and a disgrace. President DJT<br></br><a href=""https://www.washingtonpost.com/opinions/2026/03/03/iran-strike-venezuela-military-trump-doctrine/?pwapi_token=eyJ0eXAiOiJKV1QiLCJhbGciOiJIUzI1NiJ9"" rel=""nofollow noopener noreferrer"" target=""_blank""><span class=""invisible"">https://www.</span><span class=""ellipsis"">washingtonpost.com/opinions/20</span><span class=""invisible"">26/03/03/iran-strike-venezuela-military-trump-doctrine/?pwapi_token=eyJ0eXAiOiJKV1QiLCJhbGciOiJIUzI1NiJ9</span></a></p>","Have unlimited mid to upper tier Weaponry - Brutal “stuff.” Wall Street Journal story was wrong, and a disgrace. President DJT
https://www.washingtonpost.com/opinions/2026/03/03/iran-strike-venezuela-military-trump-doctrine/?pwapi_token=eyJ0eXAiOiJKV1QiLCJhbGciOiJIUzI1NiJ9",2026-03-03 13:02:00+00:00,False,False,"['https://truth-archive.us-iad-1.linodeobjects.com/attachments/15602/b6f0953ea59037d9.png'
 'https://static-assets-1.truthsocial.com/tmtg:prime-ts-assets/media_attachments/files/116/165/370/562/844/875/small/b6f0953ea59037d9.png']",original,detail_default_no_reblog_or_quote_marker,,truth_social_post_from_trumpstruth_detail.v1,trumpstruth_status_detail,https://trumpstruth.org/statuses/37063,"{'eligible': True, 'exclusion_reason': None}",37063,116165373479209735,https://truthsocial.com/@realDonaldTrump/116165373479209735,2026-03-03 08:02:00-05:00,2026-03-03,True,2026-03-04,-1,day_before,1,625183,US,US says it killed leader of unit that tried to assassinate Trump,Iran,US says it killed leader of unit that tried to assassinate Trump
"[{'archive_url': 'https://truth-archive.us-iad-1.linodeobjects.com/attachments/15601/4ed0ac3c9addc866.png', 'description_text': 'A man in a suit and red ""USA"" cap walks on a lawn at night, illuminated by spotlights, with a helicopter and a saluting guard in the background. The tweet mentions ""the birth of the Trump Doctrine"" and references a comparison to Reagan. The account displays various flag emojis and has a verified badge. The image is credited to the Washington Post.', 'has_file_information': True, 'index': 1, 'info_label': 'Image Description', 'media_type': 'image', 'thumbnail_url': 'https://static-assets-1.truthsocial.com/tmtg:prime-ts-assets/media_attachments/files/116/165/280/170/007/811/small/4ed0ac3c9addc866.png'}]",realDonaldTrump,Donald J. Trump,[],2026-06-11 04:26:00,"<p>Their air defense, Air Force, Navy, and Leadership is gone. They want to talk. I said “Too Late!”<br></br><a href=""https://www.washingtonpost.com/opinions/2026/03/03/iran-strike-venezuela-military-trump-doctrine/?pwapi_token=eyJ0eXAiOiJKV1QiLCJhbGciOiJIUzI1NiJ9"" rel=""nofollow noopener noreferrer"" target=""_blank""><span class=""invisible"">https://www.</span><span class=""ellipsis"">washingtonpost.com/opinions/20</span><span class=""invisible"">26/03/03/iran-strike-venezuela-military-trump-doctrine/?pwapi_token=eyJ0eXAiOiJKV1QiLCJhbGciOiJIUzI1NiJ9</span></a></p>","Their air defense, Air Force, Navy, and Leadership is gone. They want to talk. I said “Too Late!”
https://www.washingtonpost.com/opinions/2026/03/03/iran-strike-venezuela-military-trump-doctrine/?pwapi_token=eyJ0eXAiOiJKV1QiLCJhbGciOiJIUzI1NiJ9",2026-03-03 12:38:00+00:00,False,False,"['https://truth-archive.us-iad-1.linodeobjects.com/attachments/15601/4ed0ac3c9addc866.png'
 'https://static-assets-1.truthsocial.com/tmtg:prime-ts-assets/media_attachments/files/116/165/280/170/007/811/small/4ed0ac3c9addc866.png']",original,detail_default_no_reblog_or_quote_marker,,truth_social_post_from_trumpstruth_detail.v1,trumpstruth_status_detail,https://trumpstruth.org/statuses/37062,"{'eligible': True, 'exclusion_reason': None}",37062,116165282347349425,https://truthsocial.com/@realDonaldTrump/116165282347349425,2026-03-03 07:38:00-05:00,2026-03-03,True,2026-03-04,-1,day_before,1,625183,US,US says it killed leader of unit that tried to assassinate Trump,Iran,US says it killed leader of unit that tried to assassinate Trump
[],realDonaldTrump,Donald J. Trump,[],2026-06-13 10:40:00,"<p>NATO Secretary General Mark Rutte praises 'Operation Epic Fury' strikes on Iran: <a href=""https://www.foxnews.com/video/6390268301112"" rel=""nofollow noopener noreferrer"" target=""_blank""><span class=""invisible"">https://www.</span><span class=""ellipsis"">foxnews.com/video/639026830111</span><span class=""invisible"">2</span></a></p>",NATO Secretary General Mark Rutte praises 'Operation Epic Fury' strikes on Iran: https://www.foxnews.com/video/6390268301112,2026-03-03 12:18:00+00:00,False,False,[],original,detail_default_no_reblog_or_quote_marker,,truth_social_post_from_trumpstruth_detail.v1,trumpstruth_status_detail,https://trumpstruth.org/statuses/37061,"{'eligible': True, 'exclusion_reason': None}",37061,116165200090740839,https://truthsocial.com/@realDonaldTrump/116165200090740839,2026-03-03 07:18:00-05:00,2026-03-03,True,2026-03-04,-1,day_before,1,625183,US,US says it killed leader of unit that tried to assassinate Trump,Iran,US says it killed leader of unit that tried to assassinate Trump
[],realDonaldTrump,Donald J. Trump,[],2026-06-12 20:51:00,"<p>NATO Chief Rutte to Newsmax: Trump's Iran Mission Has Broad Allied Support: <a href=""https://www.newsmax.com/newsmax-tv/nato-chief-rutte-to-newsmax-trumps-iran-mission-has-broad-allied-support/2026/03/04/id/1248354/"" rel=""nofollow noopener noreferrer"" target=""_blank""><span class=""invisible"">https://www.</span><span class=""ellipsis"">newsmax.com/newsmax-tv/nato-ch</span><span class=""invisible"">ief-rutte-to-newsmax-trumps-iran-mission-has-broad-allied-support/2026/03/04/id/1248354/</span></a></p>",NATO Chief Rutte to Newsmax: Trump's Iran Mission Has Broad Allied Support: https://www.newsmax.com/newsmax-tv/nato-chief-rutte-to-newsmax-trumps-iran-mission-has-broad-allied-support/2026/03/04/id/1248354/,2026-03-05 04:48:00+00:00,False,False,[],original,detail_default_no_reblog_or_quote_marker,,truth_social_post_from_trumpstruth_detail.v1,trumpstruth_status_detail,https://trumpstruth.org/statuses/37134,"{'eligible': True, 'exclusion_reason': None}",37134,116174757064824630,https://truthsocial.com/@realDonaldTrump/116174757064824630,2026-03-04 23:48:00-05:00,2026-03-04,True,2026-03-04,0,day_of,1,625183,US,US says it killed leader of unit that tried to assassinate Trump,Iran,US says it killed leader of unit that tried to assassinate Trump
[],realDonaldTrump,Donald J. Trump,[],2026-06-12 17:33:00,"<p>Melania Trump makes history presiding over UN Security Council — remarking on Iran war deaths: <a href=""https://nypost.com/2026/03/02/us-news/melania-trump-makes-history-presiding-over-un-security-council-acknowledges-challenging-times/"" rel=""nofollow noopener noreferrer"" target=""_blank""><span class=""invisible"">https://</span><span class=""ellipsis"">nypost.com/2026/03/02/us-news/</span><span class=""invisible"">melania-trump-makes-history-presiding-over-un-security-council-acknowledges-challenging-times/</span></a></p>",Melania Trump makes history presiding over UN Security Council — remarking on Iran war deaths: https://nypost.com/2026/03/02/us-news/melania-trump-makes-history-presiding-over-un-security-council-acknowledges-challenging-times/,2026-03-05 14:35:00+00:00,False,False,[],original,detail_default_no_reblog_or_quote_marker,,truth_social_post_from_trumpstruth_detail.v1,trumpstruth_status_detail,https://trumpstruth.org/statuses/37135,"{'eligible': True, 'exclusion_reason': None}",37135,116177065488835367,https://truthsocial.com/@realDonaldTrump/116177065488835367,2026-03-05 09:35:00-05:00,2026-03-05,True,2026-03-04,1,day_after,1,625183,US,US says it killed leader of unit that tried to assassinate Trump,Iran,US says it killed leader of unit that tried to assassinate Trump
[],realDonaldTrump,Donald J. Trump,[],2026-06-13 11:01:00,"<p>52% of US Likely Voters support Trump’s decision to strike Iran: Poll: <a href=""https://justthenews.com/politics-policy/polling/52-us-likely-voters-support-trumps-decision-strike-iran-poll"" rel=""nofollow noopener noreferrer"" target=""_blank""><span class=""invisible"">https://</span><span class=""ellipsis"">justthenews.com/politics-polic</span><span class=""invisible"">y/polling/52-us-likely-voters-support-trumps-decision-strike-iran-poll</span></a></p>",52% of US Likely Voters support Trump’s decision to strike Iran: Poll: https://justthenews.com/politics-policy/polling/52-us-likely-voters-support-trumps-decision-strike-iran-poll,2026-03-10 00:30:00+00:00,False,False,[],original,detail_default_no_reblog_or_quote_marker,,truth_social_post_from_trumpstruth_detail.v1,trumpstruth_status_detail,https://trumpstruth.org/statuses/37223,"{'eligible': True, 'exclusion_reason': None}",37223,116202053313332968,https://truthsocial.com/@realDonaldTrump/116202053313332968,2026-03-09 20:30:00-04:00,2026-03-09,True,2026-03-08,1,day_after,1,625187,Joint US-Israel,"US, Israel hit five oil sites in and near Tehran: official",Tehran city,"US, Israel hit five oil sites in and near Tehran: official"
[],realDonaldTrump,Donald J. Trump,[],2026-06-11 13:10:00,"<p>I just spoke to Prime Minister Anthony Albanese, of Australia, concerning the Iranian National Women’s Soccer Team. He’s on it! Five have already been taken care of, and the rest are on their way. Some, however, feel they must go back because they are worried about the safety of their families, including threats to those family members if they don’t return. In any event, the Prime Minister is doing a very good job having to do with this rather delicate situation. God bless Australia! President DONALD J. TRUMP</p>","I just spoke to Prime Minister Anthony Albanese, of Australia, concerning the Iranian National Women’s Soccer Team. He’s on it! Five have already been taken care of, and the rest are on their way. Some, however, feel they must go back because they are worried about the safety of their families, including threats to those family members if they don’t return. In any event, the Prime Minister is doing a very good job having to do with this rather delicate situation. God bless Australia! President DONALD J. TRUMP",2026-03-09 15:55:00+00:00,False,False,[],original,detail_default_no_reblog_or_quote_marker,,truth_social_post_from_trumpstruth_detail.v1,trumpstruth_status_detail,https://trumpstruth.org/statuses/37217,"{'eligible': True, 'exclusion_reason': None}",37217,116200028617921781,https://truthsocial.com/@realDonaldTrump/116200028617921781,2026-03-09 11:55:00-04:00,2026-03-09,True,2026-03-08,1,day_after,1,625187,Joint US-Israel,"US, Israel hit five oil sites in and near Tehran: official",Tehran city,"US, Israel hit five oil sites in and near Tehran: official"
[],realDonaldTrump,Donald J. Trump,[],2026-06-11 07:58:00,"<p>Australia is making a terrible humanitarian mistake by allowing the Iran National Woman’s Soccer team to be forced back to Iran, where they will most likely be killed. Don’t do it, Mr. Prime Minister, give ASYLUM. The U.S. will take them if you won’t. Thank you for your attention to this matter. President DONALD J. TRUMP</p>","Australia is making a terrible humanitarian mistake by allowing the Iran National Woman’s Soccer team to be forced back to Iran, where they will most likely be killed. Don’t do it, Mr. Prime Minister, give ASYLUM. The U.S. will take them if you won’t. Thank you for your attention to this matter. President DONALD J. TRUMP",2026-03-09 14:16:00+00:00,False,False,[],original,detail_default_no_reblog_or_quote_marker,,truth_social_post_from_trumpstruth_detail.v1,trumpstruth_status_detail,https://trumpstruth.org/statuses/37215,"{'eligible': True, 'exclusion_reason': None}",37215,116199640636892669,https://truthsocial.com/@realDonaldTrump/116199640636892669,2026-03-09 10:16:00-04:00,2026-03-09,True,2026-03-08,1,day_after,1,625187,Joint US-Israel,"US, Israel hit five oil sites in and near Tehran: official",Tehran city,"US, Israel hit five oil sites in and near Tehran: official"
[],realDonaldTrump,Donald J. Trump,[],2026-06-12 04:26:00,"<p>Iran, which is being beat to HELL, has apologized and surrendered to its Middle East neighbors, and promised that it will not shoot at them anymore. This promise was only made because of the relentless U.S. and Israeli attack. They were looking to take over and rule the Middle East. It is the first time that Iran has ever lost, in thousands of years, to surrounding Middle Eastern Countries. They have said, “Thank you President Trump.” I have said, “You’re welcome!” Iran is no longer the “Bully of the Middle East,” they are, instead, “THE LOSER OF THE MIDDLE EAST,” and will be for many decades until they surrender or, more likely, completely collapse! Today Iran will be hit very hard! Under serious consideration for complete destruction and certain death, because of Iran’s bad behavior, are areas and groups of people that were not considered for targeting up until this moment in time. Thank you for your attention to this matter! President DONALD J. TRUMP</p>","Iran, which is being beat to HELL, has apologized and surrendered to its Middle East neighbors, and promised that it will not shoot at them anymore. This promise was only made because of the relentless U.S. and Israeli attack. They were looking to take over and rule the Middle East. It is the first time that Iran has ever lost, in thousands of years, to surrounding Middle Eastern Countries. They have said, “Thank you President Trump.” I have said, “You’re welcome!” Iran is no longer the “Bully of the Middle East,” they are, instead, “THE LOSER OF THE MIDDLE EAST,” and will be for many decades until they surrender or, more likely, completely collapse! Today Iran will be hit very hard! Under serious consideration for complete destruction and certain death, because of Iran’s bad behavior, are areas and groups of people that were not considered for targeting up until this moment in time. Thank you for your attention to this matter! President DONALD J. TRUMP",2026-03-07 11:11:00+00:00,False,False,[],original,detail_default_no_reblog_or_quote_marker,,truth_social_post_from_trumpstruth_detail.v1,trumpstruth_status_detail,https://trumpstruth.org/statuses/37201,"{'eligible': True, 'exclusion_reason': None}",37201,116187586876366061,https://truthsocial.com/@realDonaldTrump/116187586876366061,2026-03-07 06:11:00-05:00,2026-03-07,True,2026-03-08,-1,day_before,1,625187,Joint US-Israel,"US, Israel hit five oil sites in and near Tehran: official",Tehran city,"US, Israel hit five oil sites in and near Tehran: official"
[],realDonaldTrump,Donald J. Trump,[],2026-06-13 18:04:00,"<p>Short term oil prices, which will drop rapidly when the destruction of the Iran nuclear threat is over, is a very small price to pay for U.S.A., and World, Safety and Peace. ONLY FOOLS WOULD THINK DIFFERENTLY!President DJT</p>","Short term oil prices, which will drop rapidly when the destruction of the Iran nuclear threat is over, is a very small price to pay for U.S.A., and World, Safety and Peace. ONLY FOOLS WOULD THINK DIFFERENTLY!President DJT",2026-03-08 22:54:00+00:00,False,False,[],original,detail_default_no_reblog_or_quote_marker,,truth_social_post_from_trumpstruth_detail.v1,trumpstruth_status_detail,https://trumpstruth.org/statuses/37208,"{'eligible': True, 'exclusion_reason': None}",37208,116196014942465383,https://truthsocial.com/@realDonaldTrump/116196014942465383,2026-03-08 18:54:00-04:00,2026-03-08,True,2026-03-08,0,day_of,1,625187,Joint US-Israel,"US, Israel hit five oil sites in and near Tehran: official",Tehran city,"US, Israel hit five oil sites in and near Tehran: official"
[],realDonaldTrump,Donald J. Trump,[],2026-06-13 11:01:00,"<p>If Iran does anything that stops the flow of Oil within the Strait of Hormuz, they will be hit by the United States of America TWENTY TIMES HARDER than they have been hit thus far. Additionally, we will take out easily destroyable targets that will make it virtually impossible for Iran to ever be built back, as a Nation, again — Death, Fire, and Fury will reign upon them — But I hope, and pray, that it does not happen! This is a gift from the United States of America to China, and all of those Nations that heavily use the Hormuz Strait. Hopefully, it is a gesture that will be greatly appreciated. Thank you for your attention to this matter! President DONALD J. TRUMP</p>","If Iran does anything that stops the flow of Oil within the Strait of Hormuz, they will be hit by the United States of America TWENTY TIMES HARDER than they have been hit thus far. Additionally, we will take out easily destroyable targets that will make it virtually impossible for Iran to ever be built back, as a Nation, again — Death, Fire, and Fury will reign upon them — But I hope, and pray, that it does not happen! This is a gift from the United States of America to China, and all of those Nations that heavily use the Hormuz Strait. Hopefully, it is a gesture that will be greatly appreciated. Thank you for your attention to this matter! President DONALD J. TRUMP",2026-03-10 00:30:00+00:00,False,False,[],original,detail_default_no_reblog_or_quote_marker,,truth_social_post_from_trumpstruth_detail.v1,trumpstruth_status_detail,https://trumpstruth.org/statuses/37224,"{'eligible': True, 'exclusion_reason': None}",37224,116202054617775180,https://truthsocial.com/@realDonaldTrump/116202054617775180,2026-03-09 20:30:00-04:00,2026-03-09,True,2026-03-08,1,day_after,1,625187,Joint US-Israel,"US, Israel hit five oil sites in and near Tehran: official",Tehran city,"US, Israel hit five oil sites in and near Tehran: official"
[],realDonaldTrump,Donald J. Trump,[],2026-06-11 17:02:00,"<p>Khamenei’s Unforced Errors Proved Fatal: <a href=""https://www.wsj.com/opinion/khameneis-unforced-errors-proved-fatal-635fb5e4"" rel=""nofollow noopener noreferrer"" target=""_blank""><span class=""invisible"">https://www.</span><span class=""ellipsis"">wsj.com/opinion/khameneis-unfo</span><span class=""invisible"">rced-errors-proved-fatal-635fb5e4</span></a></p>",Khamenei’s Unforced Errors Proved Fatal: https://www.wsj.com/opinion/khameneis-unforced-errors-proved-fatal-635fb5e4,2026-03-19 14:04:00+00:00,False,False,[],original,detail_default_no_reblog_or_quote_marker,,truth_social_post_from_trumpstruth_detail.v1,trumpstruth_status_detail,https://trumpstruth.org/statuses/37358,"{'eligible': True, 'exclusion_reason': None}",37358,116256217083523012,https://truthsocial.com/@realDonaldTrump/116256217083523012,2026-03-19 10:04:00-04:00,2026-03-19,True,2026-03-20,-1,day_before,1,625358,Joint US-Israel,Iran Revolutionary Guards say US-Israel strikes kill spokesman,Tehran city,Iran Revolutionary Guards say US-Israel strikes kill spokesman
[],realDonaldTrump,Donald J. Trump,[],2026-06-11 16:50:00,"<p>MORNING GLORY: Why Trump must finish what he started with Iran’s regime: <a href=""https://www.foxnews.com/opinion/morning-glory-why-trump-must-finish-what-he-started-irans-regime"" rel=""nofollow noopener noreferrer"" target=""_blank""><span class=""invisible"">https://www.</span><span class=""ellipsis"">foxnews.com/opinion/morning-gl</span><span class=""invisible"">ory-why-trump-must-finish-what-he-started-irans-regime</span></a></p>",MORNING GLORY: Why Trump must finish what he started with Iran’s regime: https://www.foxnews.com/opinion/morning-glory-why-trump-must-finish-what-he-started-irans-regime,2026-03-19 14:04:00+00:00,False,False,[],original,detail_default_no_reblog_or_quote_marker,,truth_social_post_from_trumpstruth_detail.v1,trumpstruth_status_detail,https://trumpstruth.org/statuses/37359,"{'eligible': True, 'exclusion_reason': None}",37359,116256215639879243,https://truthsocial.com/@realDonaldTrump/116256215639879243,2026-03-19 10:04:00-04:00,2026-03-19,True,2026-03-20,-1,day_before,1,625358,Joint US-Israel,Iran Revolutionary Guards say US-Israel strikes kill spokesman,Tehran city,Iran Revolutionary Guards say US-Israel strikes kill spokesman
[],realDonaldTrump,Donald J. Trump,[],2026-06-12 15:33:00,"<p>If Iran doesn’t FULLY OPEN, WITHOUT THREAT, the Strait of Hormuz, within 48 HOURS from this exact point in time, the United States of America will hit and obliterate their various POWER PLANTS, STARTING WITH THE BIGGEST ONE FIRST! Thank you for your attention to this matter. President DONALD J. TRUMP</p>","If Iran doesn’t FULLY OPEN, WITHOUT THREAT, the Strait of Hormuz, within 48 HOURS from this exact point in time, the United States of America will hit and obliterate their various POWER PLANTS, STARTING WITH THE BIGGEST ONE FIRST! Thank you for your attention to this matter. President DONALD J. TRUMP",2026-03-21 23:44:00+00:00,False,False,[],original,detail_default_no_reblog_or_quote_marker,,truth_social_post_from_trumpstruth_detail.v1,trumpstruth_status_detail,https://trumpstruth.org/statuses/37387,"{'eligible': True, 'exclusion_reason': None}",37387,116269822349947644,https://truthsocial.com/@realDonaldTrump/116269822349947644,2026-03-21 19:44:00-04:00,2026-03-21,True,2026-03-20,1,day_after,1,625358,Joint US-Israel,Iran Revolutionary Guards say US-Israel strikes kill spokesman,Tehran city,Iran Revolutionary Guards say US-Israel strikes kill spokesman
[],realDonaldTrump,Donald J. Trump,[],2026-06-12 15:45:00,"<p>The United States has blown Iran off of the map, and yet their lightweight analyst, David Sanger, says that I haven’t met my own goals. Yes I have, and weeks ahead of schedule! Their leadership is gone, their navy and air force are dead, they have absolutely no defense, and they want to make a deal. I don’t! We are weeks ahead of schedule. Just like their incompetent Election coverage of me, The Failing New York Times always gets it wrong! President DJT</p>","The United States has blown Iran off of the map, and yet their lightweight analyst, David Sanger, says that I haven’t met my own goals. Yes I have, and weeks ahead of schedule! Their leadership is gone, their navy and air force are dead, they have absolutely no defense, and they want to make a deal. I don’t! We are weeks ahead of schedule. Just like their incompetent Election coverage of me, The Failing New York Times always gets it wrong! President DJT",2026-03-21 22:37:00+00:00,False,False,[],original,detail_default_no_reblog_or_quote_marker,,truth_social_post_from_trumpstruth_detail.v1,trumpstruth_status_detail,https://trumpstruth.org/statuses/37386,"{'eligible': True, 'exclusion_reason': None}",37386,116269555618597105,https://truthsocial.com/@realDonaldTrump/116269555618597105,2026-03-21 18:37:00-04:00,2026-03-21,True,2026-03-20,1,day_after,1,625358,Joint US-Israel,Iran Revolutionary Guards say US-Israel strikes kill spokesman,Tehran city,Iran Revolutionary Guards say US-Israel strikes kill spokesman
[],realDonaldTrump,Donald J. Trump,[],2026-06-13 02:31:00,"<p>We are getting very close to meeting our objectives as we consider winding down our great Military efforts in the Middle East with respect to the Terrorist Regime of Iran: (1) Completely degrading Iranian Missile Capability, Launchers, and everything else pertaining to them. (2) Destroying Iran’s Defense Industrial Base. (3) Eliminating their Navy and Air Force, including Anti Aircraft Weaponry. (4) Never allowing Iran to get even close to Nuclear Capability, and always being in a position where the U.S.A. can quickly and powerfully react to such a situation, should it take place. (5) Protecting, at the highest level, our Middle Eastern Allies, including Israel, Saudi Arabia, Qatar, the United Arab Emirates, Bahrain, Kuwait, and others. The Hormuz Strait will have to be guarded and policed, as necessary, by other Nations who use it — The United States does not! If asked, we will help these Countries in their Hormuz efforts, but it shouldn’t be necessary once Iran’s threat is eradicated. Importantly, it will be an easy Military Operation for them. Thank you for your attention to this matter! President DONALD J. TRUMP</p>","We are getting very close to meeting our objectives as we consider winding down our great Military efforts in the Middle East with respect to the Terrorist Regime of Iran: (1) Completely degrading Iranian Missile Capability, Launchers, and everything else pertaining to them. (2) Destroying Iran’s Defense Industrial Base. (3) Eliminating their Navy and Air Force, including Anti Aircraft Weaponry. (4) Never allowing Iran to get even close to Nuclear Capability, and always being in a position where the U.S.A. can quickly and powerfully react to such a situation, should it take place. (5) Protecting, at the highest level, our Middle Eastern Allies, including Israel, Saudi Arabia, Qatar, the United Arab Emirates, Bahrain, Kuwait, and others. The Hormuz Strait will have to be guarded and policed, as necessary, by other Nations who use it — The United States does not! If asked, we will help these Countries in their Hormuz efforts, but it shouldn’t be necessary once Iran’s threat is eradicated. Importantly, it will be an easy Military Operation for them. Thank you for your attention to this matter! President DONALD J. TRUMP",2026-03-20 21:13:00+00:00,False,False,[],original,detail_default_no_reblog_or_quote_marker,,truth_social_post_from_trumpstruth_detail.v1,trumpstruth_status_detail,https://trumpstruth.org/statuses/37378,"{'eligible': True, 'exclusion_reason': None}",37378,116263563453969628,https://truthsocial.com/@realDonaldTrump/116263563453969628,2026-03-20 17:13:00-04:00,2026-03-20,True,2026-03-20,0,day_of,1,625358,Joint US-Israel,Iran Revolutionary Guards say US-Israel strikes kill spokesman,Tehran city,Iran Revolutionary Guards say US-Israel strikes kill spokesman
[],realDonaldTrump,Donald J. Trump,[],2026-06-13 04:50:00,"<p>Without the U.S.A., NATO IS A PAPER TIGER! They didn’t want to join the fight to stop a Nuclear Powered Iran. Now that fight is Militarily WON, with very little danger for them, they complain about the high oil prices they are forced to pay, but don’t want to help open the Strait of Hormuz, a simple military maneuver that is the single reason for the high oil prices. So easy for them to do, with so little risk. COWARDS, and we will REMEMBER! President DONALD J. TRUMP</p>","Without the U.S.A., NATO IS A PAPER TIGER! They didn’t want to join the fight to stop a Nuclear Powered Iran. Now that fight is Militarily WON, with very little danger for them, they complain about the high oil prices they are forced to pay, but don’t want to help open the Strait of Hormuz, a simple military maneuver that is the single reason for the high oil prices. So easy for them to do, with so little risk. COWARDS, and we will REMEMBER! President DONALD J. TRUMP",2026-03-20 13:43:00+00:00,False,False,[],original,detail_default_no_reblog_or_quote_marker,,truth_social_post_from_trumpstruth_detail.v1,trumpstruth_status_detail,https://trumpstruth.org/statuses/37375,"{'eligible': True, 'exclusion_reason': None}",37375,116261796648776538,https://truthsocial.com/@realDonaldTrump/116261796648776538,2026-03-20 09:43:00-04:00,2026-03-20,True,2026-03-20,0,day_of,1,625358,Joint US-Israel,Iran Revolutionary Guards say US-Israel strikes kill spokesman,Tehran city,Iran Revolutionary Guards say US-Israel strikes kill spokesman
[],realDonaldTrump,Donald J. Trump,[],2026-06-13 19:20:00,"<p>Media, lawmakers downplay threat from the Iran regime, but evidence shows the true scope of danger: <a href=""https://justthenews.com/government/security/media-and-lawmakers-downplay-threat-iran-regime-public-evidence-shows-true"" rel=""nofollow noopener noreferrer"" target=""_blank""><span class=""invisible"">https://</span><span class=""ellipsis"">justthenews.com/government/sec</span><span class=""invisible"">urity/media-and-lawmakers-downplay-threat-iran-regime-public-evidence-shows-true</span></a></p>","Media, lawmakers downplay threat from the Iran regime, but evidence shows the true scope of danger: https://justthenews.com/government/security/media-and-lawmakers-downplay-threat-iran-regime-public-evidence-shows-true",2026-03-19 12:21:00+00:00,False,False,[],original,detail_default_no_reblog_or_quote_marker,,truth_social_post_from_trumpstruth_detail.v1,trumpstruth_status_detail,https://trumpstruth.org/statuses/37356,"{'eligible': True, 'exclusion_reason': None}",37356,116255809955960965,https://truthsocial.com/@realDonaldTrump/116255809955960965,2026-03-19 08:21:00-04:00,2026-03-19,True,2026-03-20,-1,day_before,1,625358,Joint US-Israel,Iran Revolutionary Guards say US-Israel strikes kill spokesman,Tehran city,Iran Revolutionary Guards say US-Israel strikes kill spokesman
[],realDonaldTrump,Donald J. Trump,[],2026-06-13 18:06:00,"<p>The Left Is Petrified That Trump Will Succeed in Iran and Expose Them As Mind-Twisted Frauds: <a href=""https://townhall.com/columnists/douglasmackinnon/2026/03/02/the-left-is-petrified-that-trump-will-succeed-in-iran-and-expose-them-as-mind-twisted-frauds-n2672119"" rel=""nofollow noopener noreferrer"" target=""_blank""><span class=""invisible"">https://</span><span class=""ellipsis"">townhall.com/columnists/dougla</span><span class=""invisible"">smackinnon/2026/03/02/the-left-is-petrified-that-trump-will-succeed-in-iran-and-expose-them-as-mind-twisted-frauds-n2672119</span></a></p>",The Left Is Petrified That Trump Will Succeed in Iran and Expose Them As Mind-Twisted Frauds: https://townhall.com/columnists/douglasmackinnon/2026/03/02/the-left-is-petrified-that-trump-will-succeed-in-iran-and-expose-them-as-mind-twisted-frauds-n2672119,2026-03-19 14:05:00+00:00,False,False,[],original,detail_default_no_reblog_or_quote_marker,,truth_social_post_from_trumpstruth_detail.v1,trumpstruth_status_detail,https://trumpstruth.org/statuses/37367,"{'eligible': True, 'exclusion_reason': None}",37367,116256218451397252,https://truthsocial.com/@realDonaldTrump/116256218451397252,2026-03-19 10:05:00-04:00,2026-03-19,True,2026-03-20,-1,day_before,1,625358,Joint US-Israel,Iran Revolutionary Guards say US-Israel strikes kill spokesman,Tehran city,Iran Revolutionary Guards say US-Israel strikes kill spokesman
[],realDonaldTrump,Donald J. Trump,[],2026-06-12 12:21:00,"<p>The Iranian negotiators are very different and “strange.” They are “begging” us to make a deal, which they should be doing since they have been militarily obliterated, with zero chance of a comeback, and yet they publicly state that they are only “looking at our proposal.” WRONG!!! They better get serious soon, before it is too late, because once that happens, there is NO TURNING BACK, and it won’t be pretty! President DJT</p>","The Iranian negotiators are very different and “strange.” They are “begging” us to make a deal, which they should be doing since they have been militarily obliterated, with zero chance of a comeback, and yet they publicly state that they are only “looking at our proposal.” WRONG!!! They better get serious soon, before it is too late, because once that happens, there is NO TURNING BACK, and it won’t be pretty! President DJT",2026-03-26 10:39:00+00:00,False,False,[],original,detail_default_no_reblog_or_quote_marker,,truth_social_post_from_trumpstruth_detail.v1,trumpstruth_status_detail,https://trumpstruth.org/statuses/37476,"{'eligible': True, 'exclusion_reason': None}",37476,116295045718240014,https://truthsocial.com/@realDonaldTrump/116295045718240014,2026-03-26 06:39:00-04:00,2026-03-26,True,2026-03-27,-1,day_before,2,625363 | 625364,Joint US-Israel,Iran emergency workers search for survivors after deadly US-Israel attacks,Qom town | Urmia town,Iran emergency workers search for survivors after deadly US-Israel attacks
[],realDonaldTrump,Donald J. Trump,[],2026-06-12 11:30:00,"<p>NATO NATIONS HAVE DONE ABSOLUTELY NOTHING TO HELP WITH THE LUNATIC NATION, NOW MILITARILY DECIMATED, OF IRAN. THE U.S.A. NEEDS NOTHING FROM NATO, BUT “NEVER FORGET” THIS VERY IMPORTANT POINT IN TIME! President DONALD J. TRUMP</p>","NATO NATIONS HAVE DONE ABSOLUTELY NOTHING TO HELP WITH THE LUNATIC NATION, NOW MILITARILY DECIMATED, OF IRAN. THE U.S.A. NEEDS NOTHING FROM NATO, BUT “NEVER FORGET” THIS VERY IMPORTANT POINT IN TIME! President DONALD J. TRUMP",2026-03-26 10:16:00+00:00,False,False,[],original,detail_default_no_reblog_or_quote_marker,,truth_social_post_from_trumpstruth_detail.v1,trumpstruth_status_detail,https://trumpstruth.org/statuses/37475,"{'eligible': True, 'exclusion_reason': None}",37475,116294956989451533,https://truthsocial.com/@realDonaldTrump/116294956989451533,2026-03-26 06:16:00-04:00,2026-03-26,True,2026-03-27,-1,day_before,2,625363 | 625364,Joint US-Israel,Iran emergency workers search for survivors after deadly US-Israel attacks,Qom town | Urmia town,Iran emergency workers search for survivors after deadly US-Israel attacks
[],realDonaldTrump,Donald J. Trump,[],2026-06-12 09:10:00,"<p>As per Iranian Government request, please let this statement serve to represent that I am pausing the period of Energy Plant destruction by 10 Days to Monday, April 6, 2026, at 8 P.M., Eastern Time. Talks are ongoing and, despite erroneous statements to the contrary by the Fake News Media, and others, they are going very well. Thank you for your attention to this matter! President DONALD J. TRUMP</p>","As per Iranian Government request, please let this statement serve to represent that I am pausing the period of Energy Plant destruction by 10 Days to Monday, April 6, 2026, at 8 P.M., Eastern Time. Talks are ongoing and, despite erroneous statements to the contrary by the Fake News Media, and others, they are going very well. Thank you for your attention to this matter! President DONALD J. TRUMP",2026-03-26 20:11:00+00:00,False,False,[],original,detail_default_no_reblog_or_quote_marker,,truth_social_post_from_trumpstruth_detail.v1,trumpstruth_status_detail,https://trumpstruth.org/statuses/37484,"{'eligible': True, 'exclusion_reason': None}",37484,116297295543838717,https://truthsocial.com/@realDonaldTrump/116297295543838717,2026-03-26 16:11:00-04:00,2026-03-26,True,2026-03-27,-1,day_before,2,625363 | 625364,Joint US-Israel,Iran emergency workers search for survivors after deadly US-Israel attacks,Qom town | Urmia town,Iran emergency workers search for survivors after deadly US-Israel attacks
[],realDonaldTrump,Donald J. Trump,[],2026-06-13 18:11:00,<p>Going to make a big speech on economics in Miami. Our Military Operation in Iran is going GREAT! President DJT</p>,Going to make a big speech on economics in Miami. Our Military Operation in Iran is going GREAT! President DJT,2026-03-27 18:16:00+00:00,False,False,[],original,detail_default_no_reblog_or_quote_marker,,truth_social_post_from_trumpstruth_detail.v1,trumpstruth_status_detail,https://trumpstruth.org/statuses/37487,"{'eligible': True, 'exclusion_reason': None}",37487,116302505060458396,https://truthsocial.com/@realDonaldTrump/116302505060458396,2026-03-27 14:16:00-04:00,2026-03-27,True,2026-03-27,0,day_of,2,625363 | 625364,Joint US-Israel,Iran emergency workers search for survivors after deadly US-Israel attacks,Qom town | Urmia town,Iran emergency workers search for survivors after deadly US-Israel attacks
[],realDonaldTrump,Donald J. Trump,[],2026-06-13 02:31:00,"<p>Watch Mark Levin interview of Brilliant Marc Thiessen tonight at 8:00 P.M., on FoxNews. Will discuss the importance of hitting Iran, HARD!!! President DJT</p>","Watch Mark Levin interview of Brilliant Marc Thiessen tonight at 8:00 P.M., on FoxNews. Will discuss the importance of hitting Iran, HARD!!! President DJT",2026-03-28 21:46:00+00:00,False,False,[],original,detail_default_no_reblog_or_quote_marker,,truth_social_post_from_trumpstruth_detail.v1,trumpstruth_status_detail,https://trumpstruth.org/statuses/37492,"{'eligible': True, 'exclusion_reason': None}",37492,116308992209421747,https://truthsocial.com/@realDonaldTrump/116308992209421747,2026-03-28 17:46:00-04:00,2026-03-28,True,2026-03-27,1,day_after,2,625363 | 625364,Joint US-Israel,Iran emergency workers search for survivors after deadly US-Israel attacks,Qom town | Urmia town,Iran emergency workers search for survivors after deadly US-Israel attacks
[],realDonaldTrump,Donald J. Trump,[],2026-06-13 01:56:00,"<p>No, Trump is not losing his nerve on Iran: <a href=""https://www.washingtonpost.com/opinions/2026/03/26/strait-hormuz-kharg-island-iran-war-victory-trump/"" rel=""nofollow noopener noreferrer"" target=""_blank""><span class=""invisible"">https://www.</span><span class=""ellipsis"">washingtonpost.com/opinions/20</span><span class=""invisible"">26/03/26/strait-hormuz-kharg-island-iran-war-victory-trump/</span></a></p>","No, Trump is not losing his nerve on Iran: https://www.washingtonpost.com/opinions/2026/03/26/strait-hormuz-kharg-island-iran-war-victory-trump/",2026-03-28 22:36:00+00:00,False,False,[],original,detail_default_no_reblog_or_quote_marker,,truth_social_post_from_trumpstruth_detail.v1,trumpstruth_status_detail,https://trumpstruth.org/statuses/37496,"{'eligible': True, 'exclusion_reason': None}",37496,116309190231389438,https://truthsocial.com/@realDonaldTrump/116309190231389438,2026-03-28 18:36:00-04:00,2026-03-28,True,2026-03-27,1,day_after,2,625363 | 625364,Joint US-Israel,Iran emergency workers search for survivors after deadly US-Israel attacks,Qom town | Urmia town,Iran emergency workers search for survivors after deadly US-Israel attacks
[],realDonaldTrump,Donald J. Trump,[],2026-06-12 10:20:00,"<p>The United States of America is in serious discussions with A NEW, AND MORE REASONABLE, REGIME to end our Military Operations in Iran. Great progress has been made but, if for any reason a deal is not shortly reached, which it probably will be, and if the Hormuz Strait is not immediately “Open for Business,” we will conclude our lovely “stay” in Iran by blowing up and completely obliterating all of their Electric Generating Plants, Oil Wells and Kharg Island (and possibly all desalinization plants!), which we have purposefully not yet “touched.” This will be in retribution for our many soldiers, and others, that Iran has butchered and killed over the old Regime’s 47 year “Reign of Terror.” Thank you for your attention to this matter. President DONALD J. TRUMP</p>","The United States of America is in serious discussions with A NEW, AND MORE REASONABLE, REGIME to end our Military Operations in Iran. Great progress has been made but, if for any reason a deal is not shortly reached, which it probably will be, and if the Hormuz Strait is not immediately “Open for Business,” we will conclude our lovely “stay” in Iran by blowing up and completely obliterating all of their Electric Generating Plants, Oil Wells and Kharg Island (and possibly all desalinization plants!), which we have purposefully not yet “touched.” This will be in retribution for our many soldiers, and others, that Iran has butchered and killed over the old Regime’s 47 year “Reign of Terror.” Thank you for your attention to this matter. President DONALD J. TRUMP",2026-03-30 11:26:00+00:00,False,False,[],original,detail_default_no_reblog_or_quote_marker,,truth_social_post_from_trumpstruth_detail.v1,trumpstruth_status_detail,https://trumpstruth.org/statuses/37526,"{'eligible': True, 'exclusion_reason': None}",37526,116317880658472708,https://truthsocial.com/@realDonaldTrump/116317880658472708,2026-03-30 07:26:00-04:00,2026-03-30,True,2026-03-29,1,day_after,1,625366,Joint US-Israel,"US, Israeli strikes hit Iran port city near Hormuz strait: state media",Bandar Pol town,"US, Israeli strikes hit Iran port city near Hormuz strait: state media;5 killed in U.S.-Israeli raid on port city in Iran"
[],realDonaldTrump,Donald J. Trump,[],2026-06-13 02:31:00,"<p>Watch Mark Levin interview of Brilliant Marc Thiessen tonight at 8:00 P.M., on FoxNews. Will discuss the importance of hitting Iran, HARD!!! President DJT</p>","Watch Mark Levin interview of Brilliant Marc Thiessen tonight at 8:00 P.M., on FoxNews. Will discuss the importance of hitting Iran, HARD!!! President DJT",2026-03-28 21:46:00+00:00,False,False,[],original,detail_default_no_reblog_or_quote_marker,,truth_social_post_from_trumpstruth_detail.v1,trumpstruth_status_detail,https://trumpstruth.org/statuses/37492,"{'eligible': True, 'exclusion_reason': None}",37492,116308992209421747,https://truthsocial.com/@realDonaldTrump/116308992209421747,2026-03-28 17:46:00-04:00,2026-03-28,True,2026-03-29,-1,day_before,1,625366,Joint US-Israel,"US, Israeli strikes hit Iran port city near Hormuz strait: state media",Bandar Pol town,"US, Israeli strikes hit Iran port city near Hormuz strait: state media;5 killed in U.S.-Israeli raid on port city in Iran"
[],realDonaldTrump,Donald J. Trump,[],2026-06-13 01:56:00,"<p>No, Trump is not losing his nerve on Iran: <a href=""https://www.washingtonpost.com/opinions/2026/03/26/strait-hormuz-kharg-island-iran-war-victory-trump/"" rel=""nofollow noopener noreferrer"" target=""_blank""><span class=""invisible"">https://www.</span><span class=""ellipsis"">washingtonpost.com/opinions/20</span><span class=""invisible"">26/03/26/strait-hormuz-kharg-island-iran-war-victory-trump/</span></a></p>","No, Trump is not losing his nerve on Iran: https://www.washingtonpost.com/opinions/2026/03/26/strait-hormuz-kharg-island-iran-war-victory-trump/",2026-03-28 22:36:00+00:00,False,False,[],original,detail_default_no_reblog_or_quote_marker,,truth_social_post_from_trumpstruth_detail.v1,trumpstruth_status_detail,https://trumpstruth.org/statuses/37496,"{'eligible': True, 'exclusion_reason': None}",37496,116309190231389438,https://truthsocial.com/@realDonaldTrump/116309190231389438,2026-03-28 18:36:00-04:00,2026-03-28,True,2026-03-29,-1,day_before,1,625366,Joint US-Israel,"US, Israeli strikes hit Iran port city near Hormuz strait: state media",Bandar Pol town,"US, Israeli strikes hit Iran port city near Hormuz strait: state media;5 killed in U.S.-Israeli raid on port city in Iran"
[],realDonaldTrump,Donald J. Trump,[],2026-06-12 13:35:00,"<p>Big day in Iran. Many long sought after targets have been taken out and destroyed by our GREAT MILITARY, the finest and most lethal in the World. God bless you all! President DJT</p>","Big day in Iran. Many long sought after targets have been taken out and destroyed by our GREAT MILITARY, the finest and most lethal in the World. God bless you all! President DJT",2026-03-30 02:29:00+00:00,False,False,[],original,detail_default_no_reblog_or_quote_marker,,truth_social_post_from_trumpstruth_detail.v1,trumpstruth_status_detail,https://trumpstruth.org/statuses/37524,"{'eligible': True, 'exclusion_reason': None}",37524,116315768155415029,https://truthsocial.com/@realDonaldTrump/116315768155415029,2026-03-29 22:29:00-04:00,2026-03-29,True,2026-03-29,0,day_of,1,625366,Joint US-Israel,"US, Israeli strikes hit Iran port city near Hormuz strait: state media",Bandar Pol town,"US, Israeli strikes hit Iran port city near Hormuz strait: state media;5 killed in U.S.-Israeli raid on port city in Iran"
[],realDonaldTrump,Donald J. Trump,[],2026-06-12 13:25:00,"<p>The current war in Iran may prevent much greater bloodshed: <a href=""https://thehill.com/opinion/national-security/5804535-the-current-war-in-iran-may-prevent-much-greater-bloodshed/"" rel=""nofollow noopener noreferrer"" target=""_blank""><span class=""invisible"">https://</span><span class=""ellipsis"">thehill.com/opinion/national-s</span><span class=""invisible"">ecurity/5804535-the-current-war-in-iran-may-prevent-much-greater-bloodshed/</span></a></p>",The current war in Iran may prevent much greater bloodshed: https://thehill.com/opinion/national-security/5804535-the-current-war-in-iran-may-prevent-much-greater-bloodshed/,2026-03-30 12:27:00+00:00,False,False,[],original,detail_default_no_reblog_or_quote_marker,,truth_social_post_from_trumpstruth_detail.v1,trumpstruth_status_detail,https://trumpstruth.org/statuses/37527,"{'eligible': True, 'exclusion_reason': None}",37527,116318120548204193,https://truthsocial.com/@realDonaldTrump/116318120548204193,2026-03-30 08:27:00-04:00,2026-03-30,True,2026-03-29,1,day_after,1,625366,Joint US-Israel,"US, Israeli strikes hit Iran port city near Hormuz strait: state media",Bandar Pol town,"US, Israeli strikes hit Iran port city near Hormuz strait: state media;5 killed in U.S.-Israeli raid on port city in Iran"
[],realDonaldTrump,Donald J. Trump,[],2026-06-11 23:20:00,"<p>The Country of France wouldn’t let planes headed to Israel, loaded up with military supplies, fly over French territory. France has been VERY UNHELPFUL with respect to the “Butcher of Iran,” who has been successfully eliminated! The U.S.A. will REMEMBER!!! President DJT</p>","The Country of France wouldn’t let planes headed to Israel, loaded up with military supplies, fly over French territory. France has been VERY UNHELPFUL with respect to the “Butcher of Iran,” who has been successfully eliminated! The U.S.A. will REMEMBER!!! President DJT",2026-03-31 11:19:00+00:00,False,False,[],original,detail_default_no_reblog_or_quote_marker,,truth_social_post_from_trumpstruth_detail.v1,trumpstruth_status_detail,https://trumpstruth.org/statuses/37533,"{'eligible': True, 'exclusion_reason': None}",37533,116323516183718262,https://truthsocial.com/@realDonaldTrump/116323516183718262,2026-03-31 07:19:00-04:00,2026-03-31,True,2026-03-30,1,day_after,1,625369,Joint US-Israel,At least 15 killed in U.S.-Israeli strikes across two Iranian provinces,Mahallat county,At least 15 killed in U.S.-Israeli strikes across two Iranian provinces
[],realDonaldTrump,Donald J. Trump,[],2026-06-12 00:11:00,"<p>All of those countries that can’t get jet fuel because of the Strait of Hormuz, like the United Kingdom, which refused to get involved in the decapitation of Iran, I have a suggestion for you: Number 1, buy from the U.S., we have plenty, and Number 2, build up some delayed courage, go to the Strait, and just TAKE IT. You’ll have to start learning how to fight for yourself, the U.S.A. won’t be there to help you anymore, just like you weren’t there for us. Iran has been, essentially, decimated. The hard part is done. Go get your own oil! President DJT</p>","All of those countries that can’t get jet fuel because of the Strait of Hormuz, like the United Kingdom, which refused to get involved in the decapitation of Iran, I have a suggestion for you: Number 1, buy from the U.S., we have plenty, and Number 2, build up some delayed courage, go to the Strait, and just TAKE IT. You’ll have to start learning how to fight for yourself, the U.S.A. won’t be there to help you anymore, just like you weren’t there for us. Iran has been, essentially, decimated. The hard part is done. Go get your own oil! President DJT",2026-03-31 11:11:00+00:00,False,False,[],original,detail_default_no_reblog_or_quote_marker,,truth_social_post_from_trumpstruth_detail.v1,trumpstruth_status_detail,https://trumpstruth.org/statuses/37532,"{'eligible': True, 'exclusion_reason': None}",37532,116323481956698353,https://truthsocial.com/@realDonaldTrump/116323481956698353,2026-03-31 07:11:00-04:00,2026-03-31,True,2026-03-30,1,day_after,1,625369,Joint US-Israel,At least 15 killed in U.S.-Israeli strikes across two Iranian provinces,Mahallat county,At least 15 killed in U.S.-Israeli strikes across two Iranian provinces
[],realDonaldTrump,Donald J. Trump,[],2026-06-12 10:20:00,"<p>The United States of America is in serious discussions with A NEW, AND MORE REASONABLE, REGIME to end our Military Operations in Iran. Great progress has been made but, if for any reason a deal is not shortly reached, which it probably will be, and if the Hormuz Strait is not immediately “Open for Business,” we will conclude our lovely “stay” in Iran by blowing up and completely obliterating all of their Electric Generating Plants, Oil Wells and Kharg Island (and possibly all desalinization plants!), which we have purposefully not yet “touched.” This will be in retribution for our many soldiers, and others, that Iran has butchered and killed over the old Regime’s 47 year “Reign of Terror.” Thank you for your attention to this matter. President DONALD J. TRUMP</p>","The United States of America is in serious discussions with A NEW, AND MORE REASONABLE, REGIME to end our Military Operations in Iran. Great progress has been made but, if for any reason a deal is not shortly reached, which it probably will be, and if the Hormuz Strait is not immediately “Open for Business,” we will conclude our lovely “stay” in Iran by blowing up and completely obliterating all of their Electric Generating Plants, Oil Wells and Kharg Island (and possibly all desalinization plants!), which we have purposefully not yet “touched.” This will be in retribution for our many soldiers, and others, that Iran has butchered and killed over the old Regime’s 47 year “Reign of Terror.” Thank you for your attention to this matter. President DONALD J. TRUMP",2026-03-30 11:26:00+00:00,False,False,[],original,detail_default_no_reblog_or_quote_marker,,truth_social_post_from_trumpstruth_detail.v1,trumpstruth_status_detail,https://trumpstruth.org/statuses/37526,"{'eligible': True, 'exclusion_reason': None}",37526,116317880658472708,https://truthsocial.com/@realDonaldTrump/116317880658472708,2026-03-30 07:26:00-04:00,2026-03-30,True,2026-03-30,0,day_of,1,625369,Joint US-Israel,At least 15 killed in U.S.-Israeli strikes across two Iranian provinces,Mahallat county,At least 15 killed in U.S.-Israeli strikes across two Iranian provinces
[],realDonaldTrump,Donald J. Trump,[],2026-06-12 13:35:00,"<p>Big day in Iran. Many long sought after targets have been taken out and destroyed by our GREAT MILITARY, the finest and most lethal in the World. God bless you all! President DJT</p>","Big day in Iran. Many long sought after targets have been taken out and destroyed by our GREAT MILITARY, the finest and most lethal in the World. God bless you all! President DJT",2026-03-30 02:29:00+00:00,False,False,[],original,detail_default_no_reblog_or_quote_marker,,truth_social_post_from_trumpstruth_detail.v1,trumpstruth_status_detail,https://trumpstruth.org/statuses/37524,"{'eligible': True, 'exclusion_reason': None}",37524,116315768155415029,https://truthsocial.com/@realDonaldTrump/116315768155415029,2026-03-29 22:29:00-04:00,2026-03-29,True,2026-03-30,-1,day_before,1,625369,Joint US-Israel,At least 15 killed in U.S.-Israeli strikes across two Iranian provinces,Mahallat county,At least 15 killed in U.S.-Israeli strikes across two Iranian provinces
[],realDonaldTrump,Donald J. Trump,[],2026-06-12 13:25:00,"<p>The current war in Iran may prevent much greater bloodshed: <a href=""https://thehill.com/opinion/national-security/5804535-the-current-war-in-iran-may-prevent-much-greater-bloodshed/"" rel=""nofollow noopener noreferrer"" target=""_blank""><span class=""invisible"">https://</span><span class=""ellipsis"">thehill.com/opinion/national-s</span><span class=""invisible"">ecurity/5804535-the-current-war-in-iran-may-prevent-much-greater-bloodshed/</span></a></p>",The current war in Iran may prevent much greater bloodshed: https://thehill.com/opinion/national-security/5804535-the-current-war-in-iran-may-prevent-much-greater-bloodshed/,2026-03-30 12:27:00+00:00,False,False,[],original,detail_default_no_reblog_or_quote_marker,,truth_social_post_from_trumpstruth_detail.v1,trumpstruth_status_detail,https://trumpstruth.org/statuses/37527,"{'eligible': True, 'exclusion_reason': None}",37527,116318120548204193,https://truthsocial.com/@realDonaldTrump/116318120548204193,2026-03-30 08:27:00-04:00,2026-03-30,True,2026-03-30,0,day_of,1,625369,Joint US-Israel,At least 15 killed in U.S.-Israeli strikes across two Iranian provinces,Mahallat county,At least 15 killed in U.S.-Israeli strikes across two Iranian provinces
[],realDonaldTrump,Donald J. Trump,[],2026-06-11 23:20:00,"<p>The Country of France wouldn’t let planes headed to Israel, loaded up with military supplies, fly over French territory. France has been VERY UNHELPFUL with respect to the “Butcher of Iran,” who has been successfully eliminated! The U.S.A. will REMEMBER!!! President DJT</p>","The Country of France wouldn’t let planes headed to Israel, loaded up with military supplies, fly over French territory. France has been VERY UNHELPFUL with respect to the “Butcher of Iran,” who has been successfully eliminated! The U.S.A. will REMEMBER!!! President DJT",2026-03-31 11:19:00+00:00,False,False,[],original,detail_default_no_reblog_or_quote_marker,,truth_social_post_from_trumpstruth_detail.v1,trumpstruth_status_detail,https://trumpstruth.org/statuses/37533,"{'eligible': True, 'exclusion_reason': None}",37533,116323516183718262,https://truthsocial.com/@realDonaldTrump/116323516183718262,2026-03-31 07:19:00-04:00,2026-03-31,True,2026-03-31,0,day_of,1,625368,Joint US-Israel,Deadly US-Israeli strikes damage religious site in Iran: media,Zanjan town,Deadly US-Israeli strikes damage religious site in Iran: media
[],realDonaldTrump,Donald J. Trump,[],2026-06-12 00:11:00,"<p>All of those countries that can’t get jet fuel because of the Strait of Hormuz, like the United Kingdom, which refused to get involved in the decapitation of Iran, I have a suggestion for you: Number 1, buy from the U.S., we have plenty, and Number 2, build up some delayed courage, go to the Strait, and just TAKE IT. You’ll have to start learning how to fight for yourself, the U.S.A. won’t be there to help you anymore, just like you weren’t there for us. Iran has been, essentially, decimated. The hard part is done. Go get your own oil! President DJT</p>","All of those countries that can’t get jet fuel because of the Strait of Hormuz, like the United Kingdom, which refused to get involved in the decapitation of Iran, I have a suggestion for you: Number 1, buy from the U.S., we have plenty, and Number 2, build up some delayed courage, go to the Strait, and just TAKE IT. You’ll have to start learning how to fight for yourself, the U.S.A. won’t be there to help you anymore, just like you weren’t there for us. Iran has been, essentially, decimated. The hard part is done. Go get your own oil! President DJT",2026-03-31 11:11:00+00:00,False,False,[],original,detail_default_no_reblog_or_quote_marker,,truth_social_post_from_trumpstruth_detail.v1,trumpstruth_status_detail,https://trumpstruth.org/statuses/37532,"{'eligible': True, 'exclusion_reason': None}",37532,116323481956698353,https://truthsocial.com/@realDonaldTrump/116323481956698353,2026-03-31 07:11:00-04:00,2026-03-31,True,2026-03-31,0,day_of,1,625368,Joint US-Israel,Deadly US-Israeli strikes damage religious site in Iran: media,Zanjan town,Deadly US-Israeli strikes damage religious site in Iran: media
[],realDonaldTrump,Donald J. Trump,[],2026-06-13 06:51:00,"<p>Iran’s New Regime President, much less Radicalized and far more intelligent than his predecessors, has just asked the United States of America for a CEASEFIRE! We will consider when Hormuz Strait is open, free, and clear. Until then, we are blasting Iran into oblivion or, as they say, back to the Stone Ages!!! President DJT</p>","Iran’s New Regime President, much less Radicalized and far more intelligent than his predecessors, has just asked the United States of America for a CEASEFIRE! We will consider when Hormuz Strait is open, free, and clear. Until then, we are blasting Iran into oblivion or, as they say, back to the Stone Ages!!! President DJT",2026-04-01 12:44:00+00:00,False,False,[],original,detail_default_no_reblog_or_quote_marker,,truth_social_post_from_trumpstruth_detail.v1,trumpstruth_status_detail,https://trumpstruth.org/statuses/37548,"{'eligible': True, 'exclusion_reason': None}",37548,116329512466946656,https://truthsocial.com/@realDonaldTrump/116329512466946656,2026-04-01 08:44:00-04:00,2026-04-01,True,2026-03-31,1,day_after,1,625368,Joint US-Israel,Deadly US-Israeli strikes damage religious site in Iran: media,Zanjan town,Deadly US-Israeli strikes damage religious site in Iran: media
[],realDonaldTrump,Donald J. Trump,[],2026-06-12 10:20:00,"<p>The United States of America is in serious discussions with A NEW, AND MORE REASONABLE, REGIME to end our Military Operations in Iran. Great progress has been made but, if for any reason a deal is not shortly reached, which it probably will be, and if the Hormuz Strait is not immediately “Open for Business,” we will conclude our lovely “stay” in Iran by blowing up and completely obliterating all of their Electric Generating Plants, Oil Wells and Kharg Island (and possibly all desalinization plants!), which we have purposefully not yet “touched.” This will be in retribution for our many soldiers, and others, that Iran has butchered and killed over the old Regime’s 47 year “Reign of Terror.” Thank you for your attention to this matter. President DONALD J. TRUMP</p>","The United States of America is in serious discussions with A NEW, AND MORE REASONABLE, REGIME to end our Military Operations in Iran. Great progress has been made but, if for any reason a deal is not shortly reached, which it probably will be, and if the Hormuz Strait is not immediately “Open for Business,” we will conclude our lovely “stay” in Iran by blowing up and completely obliterating all of their Electric Generating Plants, Oil Wells and Kharg Island (and possibly all desalinization plants!), which we have purposefully not yet “touched.” This will be in retribution for our many soldiers, and others, that Iran has butchered and killed over the old Regime’s 47 year “Reign of Terror.” Thank you for your attention to this matter. President DONALD J. TRUMP",2026-03-30 11:26:00+00:00,False,False,[],original,detail_default_no_reblog_or_quote_marker,,truth_social_post_from_trumpstruth_detail.v1,trumpstruth_status_detail,https://trumpstruth.org/statuses/37526,"{'eligible': True, 'exclusion_reason': None}",37526,116317880658472708,https://truthsocial.com/@realDonaldTrump/116317880658472708,2026-03-30 07:26:00-04:00,2026-03-30,True,2026-03-31,-1,day_before,1,625368,Joint US-Israel,Deadly US-Israeli strikes damage religious site in Iran: media,Zanjan town,Deadly US-Israeli strikes damage religious site in Iran: media
[],realDonaldTrump,Donald J. Trump,[],2026-06-12 13:25:00,"<p>The current war in Iran may prevent much greater bloodshed: <a href=""https://thehill.com/opinion/national-security/5804535-the-current-war-in-iran-may-prevent-much-greater-bloodshed/"" rel=""nofollow noopener noreferrer"" target=""_blank""><span class=""invisible"">https://</span><span class=""ellipsis"">thehill.com/opinion/national-s</span><span class=""invisible"">ecurity/5804535-the-current-war-in-iran-may-prevent-much-greater-bloodshed/</span></a></p>",The current war in Iran may prevent much greater bloodshed: https://thehill.com/opinion/national-security/5804535-the-current-war-in-iran-may-prevent-much-greater-bloodshed/,2026-03-30 12:27:00+00:00,False,False,[],original,detail_default_no_reblog_or_quote_marker,,truth_social_post_from_trumpstruth_detail.v1,trumpstruth_status_detail,https://trumpstruth.org/statuses/37527,"{'eligible': True, 'exclusion_reason': None}",37527,116318120548204193,https://truthsocial.com/@realDonaldTrump/116318120548204193,2026-03-30 08:27:00-04:00,2026-03-30,True,2026-03-31,-1,day_before,1,625368,Joint US-Israel,Deadly US-Israeli strikes damage religious site in Iran: media,Zanjan town,Deadly US-Israeli strikes damage religious site in Iran: media
[],realDonaldTrump,Donald J. Trump,[],2026-06-12 14:51:00,"<p>Democratic pollster: Benefit of defanging Iran far outweighs cost of war: <a href=""https://nypost.com/2026/04/01/opinion/democratic-pollster-benefit-of-defanging-iran-far-outweighs-cost-of-war/"" rel=""nofollow noopener noreferrer"" target=""_blank""><span class=""invisible"">https://</span><span class=""ellipsis"">nypost.com/2026/04/01/opinion/</span><span class=""invisible"">democratic-pollster-benefit-of-defanging-iran-far-outweighs-cost-of-war/</span></a></p>",Democratic pollster: Benefit of defanging Iran far outweighs cost of war: https://nypost.com/2026/04/01/opinion/democratic-pollster-benefit-of-defanging-iran-far-outweighs-cost-of-war/,2026-04-02 02:55:00+00:00,False,False,[],original,detail_default_no_reblog_or_quote_marker,,truth_social_post_from_trumpstruth_detail.v1,trumpstruth_status_detail,https://trumpstruth.org/statuses/37559,"{'eligible': True, 'exclusion_reason': None}",37559,116332855637584819,https://truthsocial.com/@realDonaldTrump/116332855637584819,2026-04-01 22:55:00-04:00,2026-04-01,True,2026-03-31,1,day_after,1,625368,Joint US-Israel,Deadly US-Israeli strikes damage religious site in Iran: media,Zanjan town,Deadly US-Israeli strikes damage religious site in Iran: media
[],realDonaldTrump,Donald J. Trump,[],2026-06-12 06:20:00,"<p>Our Military, the greatest and most powerful (by far!) anywhere in the World, hasn’t even started destroying what’s left in Iran. Bridges next, then Electric Power Plants! New Regime leadership knows what has to be done, and has to be done, FAST! President DONALD J.TRUMP</p>","Our Military, the greatest and most powerful (by far!) anywhere in the World, hasn’t even started destroying what’s left in Iran. Bridges next, then Electric Power Plants! New Regime leadership knows what has to be done, and has to be done, FAST! President DONALD J.TRUMP",2026-04-03 02:41:00+00:00,False,False,[],original,detail_default_no_reblog_or_quote_marker,,truth_social_post_from_trumpstruth_detail.v1,trumpstruth_status_detail,https://trumpstruth.org/statuses/37573,"{'eligible': True, 'exclusion_reason': None}",37573,116338464010194156,https://truthsocial.com/@realDonaldTrump/116338464010194156,2026-04-02 22:41:00-04:00,2026-04-02,True,2026-04-02,0,day_of,1,625373,Joint US-Israel,"1st LD Writethru: 8 killed, 95 wounded in U.S.-Israeli attacks on bridge in N. Iran",Karaj town,"1st LD Writethru: 8 killed, 95 wounded in U.S.-Israeli attacks on bridge in N. Iran;Urgent: Death toll rises to 13 from U.S.-Israeli attacks on bridge in N. Iran -- media"
[],realDonaldTrump,Donald J. Trump,[],2026-06-13 06:51:00,"<p>Iran’s New Regime President, much less Radicalized and far more intelligent than his predecessors, has just asked the United States of America for a CEASEFIRE! We will consider when Hormuz Strait is open, free, and clear. Until then, we are blasting Iran into oblivion or, as they say, back to the Stone Ages!!! President DJT</p>","Iran’s New Regime President, much less Radicalized and far more intelligent than his predecessors, has just asked the United States of America for a CEASEFIRE! We will consider when Hormuz Strait is open, free, and clear. Until then, we are blasting Iran into oblivion or, as they say, back to the Stone Ages!!! President DJT",2026-04-01 12:44:00+00:00,False,False,[],original,detail_default_no_reblog_or_quote_marker,,truth_social_post_from_trumpstruth_detail.v1,trumpstruth_status_detail,https://trumpstruth.org/statuses/37548,"{'eligible': True, 'exclusion_reason': None}",37548,116329512466946656,https://truthsocial.com/@realDonaldTrump/116329512466946656,2026-04-01 08:44:00-04:00,2026-04-01,True,2026-04-02,-1,day_before,1,625373,Joint US-Israel,"1st LD Writethru: 8 killed, 95 wounded in U.S.-Israeli attacks on bridge in N. Iran",Karaj town,"1st LD Writethru: 8 killed, 95 wounded in U.S.-Israeli attacks on bridge in N. Iran;Urgent: Death toll rises to 13 from U.S.-Israeli attacks on bridge in N. Iran -- media"
[],realDonaldTrump,Donald J. Trump,[],2026-06-12 02:11:00,"<p>With a little more time, we can easily OPEN THE HORMUZ STRAIT, TAKE THE OIL, &amp; MAKE A FORTUNE. IT WOULD BE A “GUSHER” FOR THE WORLD??? President DONALD J. TRUMP</p>","With a little more time, we can easily OPEN THE HORMUZ STRAIT, TAKE THE OIL, & MAKE A FORTUNE. IT WOULD BE A “GUSHER” FOR THE WORLD??? President DONALD J. TRUMP",2026-04-03 12:22:00+00:00,False,False,[],original,detail_default_no_reblog_or_quote_marker,,truth_social_post_from_trumpstruth_detail.v1,trumpstruth_status_detail,https://trumpstruth.org/statuses/37575,"{'eligible': True, 'exclusion_reason': None}",37575,116340751005894827,https://truthsocial.com/@realDonaldTrump/116340751005894827,2026-04-03 08:22:00-04:00,2026-04-03,True,2026-04-02,1,day_after,1,625373,Joint US-Israel,"1st LD Writethru: 8 killed, 95 wounded in U.S.-Israeli attacks on bridge in N. Iran",Karaj town,"1st LD Writethru: 8 killed, 95 wounded in U.S.-Israeli attacks on bridge in N. Iran;Urgent: Death toll rises to 13 from U.S.-Israeli attacks on bridge in N. Iran -- media"
[],realDonaldTrump,Donald J. Trump,[],2026-06-12 14:51:00,"<p>Democratic pollster: Benefit of defanging Iran far outweighs cost of war: <a href=""https://nypost.com/2026/04/01/opinion/democratic-pollster-benefit-of-defanging-iran-far-outweighs-cost-of-war/"" rel=""nofollow noopener noreferrer"" target=""_blank""><span class=""invisible"">https://</span><span class=""ellipsis"">nypost.com/2026/04/01/opinion/</span><span class=""invisible"">democratic-pollster-benefit-of-defanging-iran-far-outweighs-cost-of-war/</span></a></p>",Democratic pollster: Benefit of defanging Iran far outweighs cost of war: https://nypost.com/2026/04/01/opinion/democratic-pollster-benefit-of-defanging-iran-far-outweighs-cost-of-war/,2026-04-02 02:55:00+00:00,False,False,[],original,detail_default_no_reblog_or_quote_marker,,truth_social_post_from_trumpstruth_detail.v1,trumpstruth_status_detail,https://trumpstruth.org/statuses/37559,"{'eligible': True, 'exclusion_reason': None}",37559,116332855637584819,https://truthsocial.com/@realDonaldTrump/116332855637584819,2026-04-01 22:55:00-04:00,2026-04-01,True,2026-04-02,-1,day_before,1,625373,Joint US-Israel,"1st LD Writethru: 8 killed, 95 wounded in U.S.-Israeli attacks on bridge in N. Iran",Karaj town,"1st LD Writethru: 8 killed, 95 wounded in U.S.-Israeli attacks on bridge in N. Iran;Urgent: Death toll rises to 13 from U.S.-Israeli attacks on bridge in N. Iran -- media"
"[{'archive_url': 'https://truth-archive.us-iad-1.linodeobjects.com/attachments/15790/5b011b8045f33388.mp4', 'description_text': 'You', 'has_file_information': True, 'index': 1, 'info_label': 'Video Transcript', 'media_type': 'video', 'thumbnail_url': 'https://static-assets-1.truthsocial.com/tmtg:prime-ts-assets/media_attachments/thumbnails/116/336/090/506/311/222/original/7b30c1075b8cf9d0.jpg'}]",realDonaldTrump,Donald J. Trump,"[{'kind': 'captions', 'label': 'English', 'src': 'https://trumpstruth.org/media-attachments/15790/vtt'}]",2026-06-12 10:41:00,"<p>The biggest bridge in Iran comes tumbling down, never to be used again — Much more to follow! IT IS TIME FOR IRAN TO MAKE A DEAL BEFORE IT IS TOO LATE, AND THERE IS NOTHING LEFT OF WHAT STILL COULD BECOME A GREAT COUNTRY! President DONALD J. TRUMP</p>","The biggest bridge in Iran comes tumbling down, never to be used again — Much more to follow! IT IS TIME FOR IRAN TO MAKE A DEAL BEFORE IT IS TOO LATE, AND THERE IS NOTHING LEFT OF WHAT STILL COULD BECOME A GREAT COUNTRY! President DONALD J. TRUMP",2026-04-02 16:37:00+00:00,False,False,"['https://truth-archive.us-iad-1.linodeobjects.com/attachments/15790/5b011b8045f33388.mp4'
 'https://static-assets-1.truthsocial.com/tmtg:prime-ts-assets/media_attachments/thumbnails/116/336/090/506/311/222/original/7b30c1075b8cf9d0.jpg']",original,detail_default_no_reblog_or_quote_marker,,truth_social_post_from_trumpstruth_detail.v1,trumpstruth_status_detail,https://trumpstruth.org/statuses/37566,"{'eligible': True, 'exclusion_reason': None}",37566,116336091138489301,https://truthsocial.com/@realDonaldTrump/116336091138489301,2026-04-02 12:37:00-04:00,2026-04-02,True,2026-04-02,0,day_of,1,625373,Joint US-Israel,"1st LD Writethru: 8 killed, 95 wounded in U.S.-Israeli attacks on bridge in N. Iran",Karaj town,"1st LD Writethru: 8 killed, 95 wounded in U.S.-Israeli attacks on bridge in N. Iran;Urgent: Death toll rises to 13 from U.S.-Israeli attacks on bridge in N. Iran -- media"
[],realDonaldTrump,Donald J. Trump,[],2026-06-12 15:08:00,"<p>Tuesday will be Power Plant Day, and Bridge Day, all wrapped up in one, in Iran. There will be nothing like it!!! Open the Fuckin’ Strait, you crazy bastards, or you’ll be living in Hell - JUST WATCH! Praise be to Allah. President DONALD J. TRUMP</p>","Tuesday will be Power Plant Day, and Bridge Day, all wrapped up in one, in Iran. There will be nothing like it!!! Open the Fuckin’ Strait, you crazy bastards, or you’ll be living in Hell - JUST WATCH! Praise be to Allah. President DONALD J. TRUMP",2026-04-05 12:03:00+00:00,False,False,[],original,detail_default_no_reblog_or_quote_marker,,truth_social_post_from_trumpstruth_detail.v1,trumpstruth_status_detail,https://trumpstruth.org/statuses/37602,"{'eligible': True, 'exclusion_reason': None}",37602,116351998782539414,https://truthsocial.com/@realDonaldTrump/116351998782539414,2026-04-05 08:03:00-04:00,2026-04-05,True,2026-04-04,1,day_after,3,628242 | 629298 | 629314,Joint US-Israel,"US-Israeli strike hits trade terminal at Iran-Iraq border, killing one: media | US-Israeli strike on Iran's Bushehr nuclear plant kills one: state media | US, Israel strike Iran petrochemicals hub",Shalamcheh border crossing | Bushehr town | Bandar-e Mahshahr town,"IRAQ CLOSES SOUTHERN SHALAMCHEH BORDER CROSSING WITH IRAN AFTER
AIRSTRIKES ON IRANIAN SIDE KILL AN IRAQI TRAVELLER – SECURITY SOURCES;Iraq closes Shalamcheh crossing with Iran after airstrikes kill Iraqi;US-Israeli strike hits trade terminal at Iran-Iraq border, killing one: media;Iraq closes southern border crossing with Iran following deadly strike | US-Israeli strike on Iran's Bushehr nuclear plant kills one: state media | US, Israel strike Iran petrochemicals hub"
[],realDonaldTrump,Donald J. Trump,[],2026-06-12 15:10:00,"<p>We have rescued the seriously wounded, and really brave, F-15 Crew Member/Officer, from deep inside the mountains of Iran. The Iranian Military was looking hard, in big numbers, and getting close. He is a highly respected Colonel. This type of raid is seldom attempted because of the danger to “man and equipment.” It just doesn’t happen! The second raid came after the first one, where we rescued the pilot in broad daylight, also unusual, spending seven hours over Iran. An AMAZING show of bravery and talent by all! I will be having a News Conference, with the Military, at the Oval Office, on Monday, at 1:00 P.M. God Bless our great MILITARY WARRIORS! President DONALD J. TRUMP</p>","We have rescued the seriously wounded, and really brave, F-15 Crew Member/Officer, from deep inside the mountains of Iran. The Iranian Military was looking hard, in big numbers, and getting close. He is a highly respected Colonel. This type of raid is seldom attempted because of the danger to “man and equipment.” It just doesn’t happen! The second raid came after the first one, where we rescued the pilot in broad daylight, also unusual, spending seven hours over Iran. An AMAZING show of bravery and talent by all! I will be having a News Conference, with the Military, at the Oval Office, on Monday, at 1:00 P.M. God Bless our great MILITARY WARRIORS! President DONALD J. TRUMP",2026-04-05 11:52:00+00:00,False,False,[],original,detail_default_no_reblog_or_quote_marker,,truth_social_post_from_trumpstruth_detail.v1,trumpstruth_status_detail,https://trumpstruth.org/statuses/37603,"{'eligible': True, 'exclusion_reason': None}",37603,116351956955900185,https://truthsocial.com/@realDonaldTrump/116351956955900185,2026-04-05 07:52:00-04:00,2026-04-05,True,2026-04-04,1,day_after,3,628242 | 629298 | 629314,Joint US-Israel,"US-Israeli strike hits trade terminal at Iran-Iraq border, killing one: media | US-Israeli strike on Iran's Bushehr nuclear plant kills one: state media | US, Israel strike Iran petrochemicals hub",Shalamcheh border crossing | Bushehr town | Bandar-e Mahshahr town,"IRAQ CLOSES SOUTHERN SHALAMCHEH BORDER CROSSING WITH IRAN AFTER
AIRSTRIKES ON IRANIAN SIDE KILL AN IRAQI TRAVELLER – SECURITY SOURCES;Iraq closes Shalamcheh crossing with Iran after airstrikes kill Iraqi;US-Israeli strike hits trade terminal at Iran-Iraq border, killing one: media;Iraq closes southern border crossing with Iran following deadly strike | US-Israeli strike on Iran's Bushehr nuclear plant kills one: state media | US, Israel strike Iran petrochemicals hub"
"[{'archive_url': 'https://truth-archive.us-iad-1.linodeobjects.com/attachments/15801/43e6ccee753147d2.mp4', 'description_text': 'There is no information available for this file. The site periodically processes attachment images and videos, so more information may be be available soon.', 'has_file_information': False, 'index': 1, 'info_label': 'No File Information Available', 'media_type': 'video', 'thumbnail_url': 'https://static-assets-1.truthsocial.com/tmtg:prime-ts-assets/media_attachments/thumbnails/116/348/355/089/434/084/original/7adcc978d451edd7.jpg'}]",realDonaldTrump,Donald J. Trump,"[{'kind': 'captions', 'label': 'English', 'src': 'https://trumpstruth.org/media-attachments/15801/vtt'}]",2026-06-12 22:11:00,"<p>Many of Iran’s Military Leaders, who have led them poorly and unwisely, are terminated, along with much else, with this massive strike in Tehran! President DONALD J. TRUMP</p>","Many of Iran’s Military Leaders, who have led them poorly and unwisely, are terminated, along with much else, with this massive strike in Tehran! President DONALD J. TRUMP",2026-04-04 20:37:00+00:00,False,False,"['https://truth-archive.us-iad-1.linodeobjects.com/attachments/15801/43e6ccee753147d2.mp4'
 'https://static-assets-1.truthsocial.com/tmtg:prime-ts-assets/media_attachments/thumbnails/116/348/355/089/434/084/original/7adcc978d451edd7.jpg']",original,detail_default_no_reblog_or_quote_marker,,truth_social_post_from_trumpstruth_detail.v1,trumpstruth_status_detail,https://trumpstruth.org/statuses/37591,"{'eligible': True, 'exclusion_reason': None}",37591,116348358117196662,https://truthsocial.com/@realDonaldTrump/116348358117196662,2026-04-04 16:37:00-04:00,2026-04-04,True,2026-04-04,0,day_of,3,628242 | 629298 | 629314,Joint US-Israel,"US-Israeli strike hits trade terminal at Iran-Iraq border, killing one: media | US-Israeli strike on Iran's Bushehr nuclear plant kills one: state media | US, Israel strike Iran petrochemicals hub",Shalamcheh border crossing | Bushehr town | Bandar-e Mahshahr town,"IRAQ CLOSES SOUTHERN SHALAMCHEH BORDER CROSSING WITH IRAN AFTER
AIRSTRIKES ON IRANIAN SIDE KILL AN IRAQI TRAVELLER – SECURITY SOURCES;Iraq closes Shalamcheh crossing with Iran after airstrikes kill Iraqi;US-Israeli strike hits trade terminal at Iran-Iraq border, killing one: media;Iraq closes southern border crossing with Iran following deadly strike | US-Israeli strike on Iran's Bushehr nuclear plant kills one: state media | US, Israel strike Iran petrochemicals hub"
[],realDonaldTrump,Donald J. Trump,[],2026-06-12 02:11:00,"<p>With a little more time, we can easily OPEN THE HORMUZ STRAIT, TAKE THE OIL, &amp; MAKE A FORTUNE. IT WOULD BE A “GUSHER” FOR THE WORLD??? President DONALD J. TRUMP</p>","With a little more time, we can easily OPEN THE HORMUZ STRAIT, TAKE THE OIL, & MAKE A FORTUNE. IT WOULD BE A “GUSHER” FOR THE WORLD??? President DONALD J. TRUMP",2026-04-03 12:22:00+00:00,False,False,[],original,detail_default_no_reblog_or_quote_marker,,truth_social_post_from_trumpstruth_detail.v1,trumpstruth_status_detail,https://trumpstruth.org/statuses/37575,"{'eligible': True, 'exclusion_reason': None}",37575,116340751005894827,https://truthsocial.com/@realDonaldTrump/116340751005894827,2026-04-03 08:22:00-04:00,2026-04-03,True,2026-04-04,-1,day_before,3,628242 | 629298 | 629314,Joint US-Israel,"US-Israeli strike hits trade terminal at Iran-Iraq border, killing one: media | US-Israeli strike on Iran's Bushehr nuclear plant kills one: state media | US, Israel strike Iran petrochemicals hub",Shalamcheh border crossing | Bushehr town | Bandar-e Mahshahr town,"IRAQ CLOSES SOUTHERN SHALAMCHEH BORDER CROSSING WITH IRAN AFTER
AIRSTRIKES ON IRANIAN SIDE KILL AN IRAQI TRAVELLER – SECURITY SOURCES;Iraq closes Shalamcheh crossing with Iran after airstrikes kill Iraqi;US-Israeli strike hits trade terminal at Iran-Iraq border, killing one: media;Iraq closes southern border crossing with Iran following deadly strike | US-Israeli strike on Iran's Bushehr nuclear plant kills one: state media | US, Israel strike Iran petrochemicals hub"
[],realDonaldTrump,Donald J. Trump,[],2026-06-13 05:22:00,"<p>Not only were the jobs numbers GREAT yesterday, 178,000 new jobs, but the TRADE DEFICIT was down 55%, the biggest drop in history. THANK YOU MR. TARIFF! All of this and, simultaneously, getting rid of a Nuclear Iran. MAGA!!!</p>","Not only were the jobs numbers GREAT yesterday, 178,000 new jobs, but the TRADE DEFICIT was down 55%, the biggest drop in history. THANK YOU MR. TARIFF! All of this and, simultaneously, getting rid of a Nuclear Iran. MAGA!!!",2026-04-04 13:32:00+00:00,False,False,[],original,detail_default_no_reblog_or_quote_marker,,truth_social_post_from_trumpstruth_detail.v1,trumpstruth_status_detail,https://trumpstruth.org/statuses/37584,"{'eligible': True, 'exclusion_reason': None}",37584,116346686438015338,https://truthsocial.com/@realDonaldTrump/116346686438015338,2026-04-04 09:32:00-04:00,2026-04-04,True,2026-04-04,0,day_of,3,628242 | 629298 | 629314,Joint US-Israel,"US-Israeli strike hits trade terminal at Iran-Iraq border, killing one: media | US-Israeli strike on Iran's Bushehr nuclear plant kills one: state media | US, Israel strike Iran petrochemicals hub",Shalamcheh border crossing | Bushehr town | Bandar-e Mahshahr town,"IRAQ CLOSES SOUTHERN SHALAMCHEH BORDER CROSSING WITH IRAN AFTER
AIRSTRIKES ON IRANIAN SIDE KILL AN IRAQI TRAVELLER – SECURITY SOURCES;Iraq closes Shalamcheh crossing with Iran after airstrikes kill Iraqi;US-Israeli strike hits trade terminal at Iran-Iraq border, killing one: media;Iraq closes southern border crossing with Iran following deadly strike | US-Israeli strike on Iran's Bushehr nuclear plant kills one: state media | US, Israel strike Iran petrochemicals hub"
[],realDonaldTrump,Donald J. Trump,[],2026-06-13 02:40:00,<p>Remember when I gave Iran ten days to MAKE A DEAL or OPEN UP THE HORMUZ STRAIT. Time is running out - 48 hours before all Hell will reign down on them. Glory be to GOD! President DONALD J. TRUMP</p>,Remember when I gave Iran ten days to MAKE A DEAL or OPEN UP THE HORMUZ STRAIT. Time is running out - 48 hours before all Hell will reign down on them. Glory be to GOD! President DONALD J. TRUMP,2026-04-04 14:05:00+00:00,False,False,[],original,detail_default_no_reblog_or_quote_marker,,truth_social_post_from_trumpstruth_detail.v1,trumpstruth_status_detail,https://trumpstruth.org/statuses/37585,"{'eligible': True, 'exclusion_reason': None}",37585,116346816254869135,https://truthsocial.com/@realDonaldTrump/116346816254869135,2026-04-04 10:05:00-04:00,2026-04-04,True,2026-04-04,0,day_of,3,628242 | 629298 | 629314,Joint US-Israel,"US-Israeli strike hits trade terminal at Iran-Iraq border, killing one: media | US-Israeli strike on Iran's Bushehr nuclear plant kills one: state media | US, Israel strike Iran petrochemicals hub",Shalamcheh border crossing | Bushehr town | Bandar-e Mahshahr town,"IRAQ CLOSES SOUTHERN SHALAMCHEH BORDER CROSSING WITH IRAN AFTER
AIRSTRIKES ON IRANIAN SIDE KILL AN IRAQI TRAVELLER – SECURITY SOURCES;Iraq closes Shalamcheh crossing with Iran after airstrikes kill Iraqi;US-Israeli strike hits trade terminal at Iran-Iraq border, killing one: media;Iraq closes southern border crossing with Iran following deadly strike | US-Israeli strike on Iran's Bushehr nuclear plant kills one: state media | US, Israel strike Iran petrochemicals hub"
[],realDonaldTrump,Donald J. Trump,[],2026-06-12 17:28:00,"<p>FROM PRESIDENT DONALD J. TRUMP</p><p>WE GOT HIM! My fellow Americans, over the past several hours, the United States Military pulled off one of the most daring Search and Rescue Operations in U.S. History, for one of our incredible Crew Member Officers, who also happens to be a highly respected Colonel, and who I am thrilled to let you know is now SAFE and SOUND! This brave Warrior was behind enemy lines in the treacherous mountains of Iran, being hunted down by our enemies, who were getting closer and closer by the hour, but was never truly alone because his Commander in Chief, Secretary of War, Chairman of the Joint Chiefs of Staff, and fellow Warfighters were monitoring his location 24 hours a day, and diligently planning for his rescue. At my direction, the U.S. Military sent dozens of aircraft, armed with the most lethal weapons in the World, to retrieve him. He sustained injuries, but he will be just fine. This miraculous Search and Rescue Operation comes in addition to a successful rescue of another brave Pilot, yesterday, which we did not confirm, because we did not want to jeopardize our second rescue operation. This is the first time in military memory that two U.S. Pilots have been rescued, separately, deep in Enemy Territory. WE WILL NEVER LEAVE AN AMERICAN WARFIGHTER BEHIND! The fact that we were able to pull off both of these operations, without a SINGLE American killed, or even wounded, just proves once again, that we have achieved overwhelming Air Dominance and Superiority over the Iranian skies. This is a moment that ALL Americans, Republican, Democrat, and everyone else, should be proud of and united around. We truly have the best, most professional, and lethal Military in the History of the World. GOD BLESS AMERICA, GOD BLESS OUR TROOPS, AND HAPPY EASTER TO ALL!</p>","FROM PRESIDENT DONALD J. TRUMP
WE GOT HIM! My fellow Americans, over the past several hours, the United States Military pulled off one of the most daring Search and Rescue Operations in U.S. History, for one of our incredible Crew Member Officers, who also happens to be a highly respected Colonel, and who I am thrilled to let you know is now SAFE and SOUND! This brave Warrior was behind enemy lines in the treacherous mountains of Iran, being hunted down by our enemies, who were getting closer and closer by the hour, but was never truly alone because his Commander in Chief, Secretary of War, Chairman of the Joint Chiefs of Staff, and fellow Warfighters were monitoring his location 24 hours a day, and diligently planning for his rescue. At my direction, the U.S. Military sent dozens of aircraft, armed with the most lethal weapons in the World, to retrieve him. He sustained injuries, but he will be just fine. This miraculous Search and Rescue Operation comes in addition to a successful rescue of another brave Pilot, yesterday, which we did not confirm, because we did not want to jeopardize our second rescue operation. This is the first time in military memory that two U.S. Pilots have been rescued, separately, deep in Enemy Territory. WE WILL NEVER LEAVE AN AMERICAN WARFIGHTER BEHIND! The fact that we were able to pull off both of these operations, without a SINGLE American killed, or even wounded, just proves once again, that we have achieved overwhelming Air Dominance and Superiority over the Iranian skies. This is a moment that ALL Americans, Republican, Democrat, and everyone else, should be proud of and united around. We truly have the best, most professional, and lethal Military in the History of the World. GOD BLESS AMERICA, GOD BLESS OUR TROOPS, AND HAPPY EASTER TO ALL!",2026-04-05 04:08:00+00:00,False,False,[],original,detail_default_no_reblog_or_quote_marker,,truth_social_post_from_trumpstruth_detail.v1,trumpstruth_status_detail,https://trumpstruth.org/statuses/37592,"{'eligible': True, 'exclusion_reason': None}",37592,116350133044957842,https://truthsocial.com/@realDonaldTrump/116350133044957842,2026-04-05 00:08:00-04:00,2026-04-05,True,2026-04-04,1,day_after,3,628242 | 629298 | 629314,Joint US-Israel,"US-Israeli strike hits trade terminal at Iran-Iraq border, killing one: media | US-Israeli strike on Iran's Bushehr nuclear plant kills one: state media | US, Israel strike Iran petrochemicals hub",Shalamcheh border crossing | Bushehr town | Bandar-e Mahshahr town,"IRAQ CLOSES SOUTHERN SHALAMCHEH BORDER CROSSING WITH IRAN AFTER
AIRSTRIKES ON IRANIAN SIDE KILL AN IRAQI TRAVELLER – SECURITY SOURCES;Iraq closes Shalamcheh crossing with Iran after airstrikes kill Iraqi;US-Israeli strike hits trade terminal at Iran-Iraq border, killing one: media;Iraq closes southern border crossing with Iran following deadly strike | US-Israeli strike on Iran's Bushehr nuclear plant kills one: state media | US, Israel strike Iran petrochemicals hub"
[],realDonaldTrump,Donald J. Trump,[],2026-06-12 15:08:00,"<p>Tuesday will be Power Plant Day, and Bridge Day, all wrapped up in one, in Iran. There will be nothing like it!!! Open the Fuckin’ Strait, you crazy bastards, or you’ll be living in Hell - JUST WATCH! Praise be to Allah. President DONALD J. TRUMP</p>","Tuesday will be Power Plant Day, and Bridge Day, all wrapped up in one, in Iran. There will be nothing like it!!! Open the Fuckin’ Strait, you crazy bastards, or you’ll be living in Hell - JUST WATCH! Praise be to Allah. President DONALD J. TRUMP",2026-04-05 12:03:00+00:00,False,False,[],original,detail_default_no_reblog_or_quote_marker,,truth_social_post_from_trumpstruth_detail.v1,trumpstruth_status_detail,https://trumpstruth.org/statuses/37602,"{'eligible': True, 'exclusion_reason': None}",37602,116351998782539414,https://truthsocial.com/@realDonaldTrump/116351998782539414,2026-04-05 08:03:00-04:00,2026-04-05,True,2026-04-05,0,day_of,1,629302,Joint US-Israel,US-Israeli strikes kill five Guards members in northwest Iran: state media,Ardebil province,US-Israeli strikes kill five Guards members in northwest Iran: state media
[],realDonaldTrump,Donald J. Trump,[],2026-06-12 15:10:00,"<p>We have rescued the seriously wounded, and really brave, F-15 Crew Member/Officer, from deep inside the mountains of Iran. The Iranian Military was looking hard, in big numbers, and getting close. He is a highly respected Colonel. This type of raid is seldom attempted because of the danger to “man and equipment.” It just doesn’t happen! The second raid came after the first one, where we rescued the pilot in broad daylight, also unusual, spending seven hours over Iran. An AMAZING show of bravery and talent by all! I will be having a News Conference, with the Military, at the Oval Office, on Monday, at 1:00 P.M. God Bless our great MILITARY WARRIORS! President DONALD J. TRUMP</p>","We have rescued the seriously wounded, and really brave, F-15 Crew Member/Officer, from deep inside the mountains of Iran. The Iranian Military was looking hard, in big numbers, and getting close. He is a highly respected Colonel. This type of raid is seldom attempted because of the danger to “man and equipment.” It just doesn’t happen! The second raid came after the first one, where we rescued the pilot in broad daylight, also unusual, spending seven hours over Iran. An AMAZING show of bravery and talent by all! I will be having a News Conference, with the Military, at the Oval Office, on Monday, at 1:00 P.M. God Bless our great MILITARY WARRIORS! President DONALD J. TRUMP",2026-04-05 11:52:00+00:00,False,False,[],original,detail_default_no_reblog_or_quote_marker,,truth_social_post_from_trumpstruth_detail.v1,trumpstruth_status_detail,https://trumpstruth.org/statuses/37603,"{'eligible': True, 'exclusion_reason': None}",37603,116351956955900185,https://truthsocial.com/@realDonaldTrump/116351956955900185,2026-04-05 07:52:00-04:00,2026-04-05,True,2026-04-05,0,day_of,1,629302,Joint US-Israel,US-Israeli strikes kill five Guards members in northwest Iran: state media,Ardebil province,US-Israeli strikes kill five Guards members in northwest Iran: state media
"[{'archive_url': 'https://truth-archive.us-iad-1.linodeobjects.com/attachments/15801/43e6ccee753147d2.mp4', 'description_text': 'There is no information available for this file. The site periodically processes attachment images and videos, so more information may be be available soon.', 'has_file_information': False, 'index': 1, 'info_label': 'No File Information Available', 'media_type': 'video', 'thumbnail_url': 'https://static-assets-1.truthsocial.com/tmtg:prime-ts-assets/media_attachments/thumbnails/116/348/355/089/434/084/original/7adcc978d451edd7.jpg'}]",realDonaldTrump,Donald J. Trump,"[{'kind': 'captions', 'label': 'English', 'src': 'https://trumpstruth.org/media-attachments/15801/vtt'}]",2026-06-12 22:11:00,"<p>Many of Iran’s Military Leaders, who have led them poorly and unwisely, are terminated, along with much else, with this massive strike in Tehran! President DONALD J. TRUMP</p>","Many of Iran’s Military Leaders, who have led them poorly and unwisely, are terminated, along with much else, with this massive strike in Tehran! President DONALD J. TRUMP",2026-04-04 20:37:00+00:00,False,False,"['https://truth-archive.us-iad-1.linodeobjects.com/attachments/15801/43e6ccee753147d2.mp4'
 'https://static-assets-1.truthsocial.com/tmtg:prime-ts-assets/media_attachments/thumbnails/116/348/355/089/434/084/original/7adcc978d451edd7.jpg']",original,detail_default_no_reblog_or_quote_marker,,truth_social_post_from_trumpstruth_detail.v1,trumpstruth_status_detail,https://trumpstruth.org/statuses/37591,"{'eligible': True, 'exclusion_reason': None}",37591,116348358117196662,https://truthsocial.com/@realDonaldTrump/116348358117196662,2026-04-04 16:37:00-04:00,2026-04-04,True,2026-04-05,-1,day_before,1,629302,Joint US-Israel,US-Israeli strikes kill five Guards members in northwest Iran: state media,Ardebil province,US-Israeli strikes kill five Guards members in northwest Iran: state media
[],realDonaldTrump,Donald J. Trump,[],2026-06-13 05:22:00,"<p>Not only were the jobs numbers GREAT yesterday, 178,000 new jobs, but the TRADE DEFICIT was down 55%, the biggest drop in history. THANK YOU MR. TARIFF! All of this and, simultaneously, getting rid of a Nuclear Iran. MAGA!!!</p>","Not only were the jobs numbers GREAT yesterday, 178,000 new jobs, but the TRADE DEFICIT was down 55%, the biggest drop in history. THANK YOU MR. TARIFF! All of this and, simultaneously, getting rid of a Nuclear Iran. MAGA!!!",2026-04-04 13:32:00+00:00,False,False,[],original,detail_default_no_reblog_or_quote_marker,,truth_social_post_from_trumpstruth_detail.v1,trumpstruth_status_detail,https://trumpstruth.org/statuses/37584,"{'eligible': True, 'exclusion_reason': None}",37584,116346686438015338,https://truthsocial.com/@realDonaldTrump/116346686438015338,2026-04-04 09:32:00-04:00,2026-04-04,True,2026-04-05,-1,day_before,1,629302,Joint US-Israel,US-Israeli strikes kill five Guards members in northwest Iran: state media,Ardebil province,US-Israeli strikes kill five Guards members in northwest Iran: state media
[],realDonaldTrump,Donald J. Trump,[],2026-06-13 02:40:00,<p>Remember when I gave Iran ten days to MAKE A DEAL or OPEN UP THE HORMUZ STRAIT. Time is running out - 48 hours before all Hell will reign down on them. Glory be to GOD! President DONALD J. TRUMP</p>,Remember when I gave Iran ten days to MAKE A DEAL or OPEN UP THE HORMUZ STRAIT. Time is running out - 48 hours before all Hell will reign down on them. Glory be to GOD! President DONALD J. TRUMP,2026-04-04 14:05:00+00:00,False,False,[],original,detail_default_no_reblog_or_quote_marker,,truth_social_post_from_trumpstruth_detail.v1,trumpstruth_status_detail,https://trumpstruth.org/statuses/37585,"{'eligible': True, 'exclusion_reason': None}",37585,116346816254869135,https://truthsocial.com/@realDonaldTrump/116346816254869135,2026-04-04 10:05:00-04:00,2026-04-04,True,2026-04-05,-1,day_before,1,629302,Joint US-Israel,US-Israeli strikes kill five Guards members in northwest Iran: state media,Ardebil province,US-Israeli strikes kill five Guards members in northwest Iran: state media
[],realDonaldTrump,Donald J. Trump,[],2026-06-12 17:28:00,"<p>FROM PRESIDENT DONALD J. TRUMP</p><p>WE GOT HIM! My fellow Americans, over the past several hours, the United States Military pulled off one of the most daring Search and Rescue Operations in U.S. History, for one of our incredible Crew Member Officers, who also happens to be a highly respected Colonel, and who I am thrilled to let you know is now SAFE and SOUND! This brave Warrior was behind enemy lines in the treacherous mountains of Iran, being hunted down by our enemies, who were getting closer and closer by the hour, but was never truly alone because his Commander in Chief, Secretary of War, Chairman of the Joint Chiefs of Staff, and fellow Warfighters were monitoring his location 24 hours a day, and diligently planning for his rescue. At my direction, the U.S. Military sent dozens of aircraft, armed with the most lethal weapons in the World, to retrieve him. He sustained injuries, but he will be just fine. This miraculous Search and Rescue Operation comes in addition to a successful rescue of another brave Pilot, yesterday, which we did not confirm, because we did not want to jeopardize our second rescue operation. This is the first time in military memory that two U.S. Pilots have been rescued, separately, deep in Enemy Territory. WE WILL NEVER LEAVE AN AMERICAN WARFIGHTER BEHIND! The fact that we were able to pull off both of these operations, without a SINGLE American killed, or even wounded, just proves once again, that we have achieved overwhelming Air Dominance and Superiority over the Iranian skies. This is a moment that ALL Americans, Republican, Democrat, and everyone else, should be proud of and united around. We truly have the best, most professional, and lethal Military in the History of the World. GOD BLESS AMERICA, GOD BLESS OUR TROOPS, AND HAPPY EASTER TO ALL!</p>","FROM PRESIDENT DONALD J. TRUMP
WE GOT HIM! My fellow Americans, over the past several hours, the United States Military pulled off one of the most daring Search and Rescue Operations in U.S. History, for one of our incredible Crew Member Officers, who also happens to be a highly respected Colonel, and who I am thrilled to let you know is now SAFE and SOUND! This brave Warrior was behind enemy lines in the treacherous mountains of Iran, being hunted down by our enemies, who were getting closer and closer by the hour, but was never truly alone because his Commander in Chief, Secretary of War, Chairman of the Joint Chiefs of Staff, and fellow Warfighters were monitoring his location 24 hours a day, and diligently planning for his rescue. At my direction, the U.S. Military sent dozens of aircraft, armed with the most lethal weapons in the World, to retrieve him. He sustained injuries, but he will be just fine. This miraculous Search and Rescue Operation comes in addition to a successful rescue of another brave Pilot, yesterday, which we did not confirm, because we did not want to jeopardize our second rescue operation. This is the first time in military memory that two U.S. Pilots have been rescued, separately, deep in Enemy Territory. WE WILL NEVER LEAVE AN AMERICAN WARFIGHTER BEHIND! The fact that we were able to pull off both of these operations, without a SINGLE American killed, or even wounded, just proves once again, that we have achieved overwhelming Air Dominance and Superiority over the Iranian skies. This is a moment that ALL Americans, Republican, Democrat, and everyone else, should be proud of and united around. We truly have the best, most professional, and lethal Military in the History of the World. GOD BLESS AMERICA, GOD BLESS OUR TROOPS, AND HAPPY EASTER TO ALL!",2026-04-05 04:08:00+00:00,False,False,[],original,detail_default_no_reblog_or_quote_marker,,truth_social_post_from_trumpstruth_detail.v1,trumpstruth_status_detail,https://trumpstruth.org/statuses/37592,"{'eligible': True, 'exclusion_reason': None}",37592,116350133044957842,https://truthsocial.com/@realDonaldTrump/116350133044957842,2026-04-05 00:08:00-04:00,2026-04-05,True,2026-04-05,0,day_of,1,629302,Joint US-Israel,US-Israeli strikes kill five Guards members in northwest Iran: state media,Ardebil province,US-Israeli strikes kill five Guards members in northwest Iran: state media
[],realDonaldTrump,Donald J. Trump,[],2026-06-12 13:11:00,"<p>No one can believe that Fake News CNN put out a knowingly false and dangerous statement pretending it came from the upper levels of the Iranian Government. It didn’t! It was totally made up and posted, as a headline, for purpose of, perhaps, inflaming a very delicate situation. It was a new, trouble making site from Nigeria, and CNN just got caught cheating - A very dangerous thing  to do!</p>","No one can believe that Fake News CNN put out a knowingly false and dangerous statement pretending it came from the upper levels of the Iranian Government. It didn’t! It was totally made up and posted, as a headline, for purpose of, perhaps, inflaming a very delicate situation. It was a new, trouble making site from Nigeria, and CNN just got caught cheating - A very dangerous thing to do!",2026-04-08 03:39:00+00:00,False,False,[],original,detail_default_no_reblog_or_quote_marker,,truth_social_post_from_trumpstruth_detail.v1,trumpstruth_status_detail,https://trumpstruth.org/statuses/37661,"{'eligible': True, 'exclusion_reason': None}",37661,116367005523554168,https://truthsocial.com/@realDonaldTrump/116367005523554168,2026-04-07 23:39:00-04:00,2026-04-07,True,2026-04-06,1,day_after,4,629305 | 629306 | 629307 | 629308,Joint US-Israel,"US-Israeli strikes kill Iran Guards intelligence chief: Guards | Iran’s top university bombed as US, Israel intensify attacks",Tehran city | Baharestan county | Bandar Lengeh town | Qom town,"US-Israeli strikes kill Iran Guards intelligence chief: Guards | Iran’s top university bombed as US, Israel intensify attacks; 34 killed"
[],realDonaldTrump,Donald J. Trump,[],2026-06-12 16:08:00,"<p>The alleged Statement put out by CNN World News is a FRAUD, as CNN well knows. The false Statement was linked to a Fake News site (from Nigeria) and, of course, immediately picked up by CNN, and blared out as a “legitimate” headline. The Official Statement by Iran was just released, and posted on TRUTH, below. Authorities are looking to determine whether or not a crime was committed on the issuance of the Fake CNN World Statement, or was it a sick rogue player? CNN is being ordered to immediately withdraw this Statement with full apologies for their, as usual, terrible “reporting.” Results of the investigation will be announced in the near future. President DONALD J. TRUMP</p>","The alleged Statement put out by CNN World News is a FRAUD, as CNN well knows. The false Statement was linked to a Fake News site (from Nigeria) and, of course, immediately picked up by CNN, and blared out as a “legitimate” headline. The Official Statement by Iran was just released, and posted on TRUTH, below. Authorities are looking to determine whether or not a crime was committed on the issuance of the Fake CNN World Statement, or was it a sick rogue player? CNN is being ordered to immediately withdraw this Statement with full apologies for their, as usual, terrible “reporting.” Results of the investigation will be announced in the near future. President DONALD J. TRUMP",2026-04-08 00:01:00+00:00,False,False,[],original,detail_default_no_reblog_or_quote_marker,,truth_social_post_from_trumpstruth_detail.v1,trumpstruth_status_detail,https://trumpstruth.org/statuses/37660,"{'eligible': True, 'exclusion_reason': None}",37660,116366146721038653,https://truthsocial.com/@realDonaldTrump/116366146721038653,2026-04-07 20:01:00-04:00,2026-04-07,True,2026-04-06,1,day_after,4,629305 | 629306 | 629307 | 629308,Joint US-Israel,"US-Israeli strikes kill Iran Guards intelligence chief: Guards | Iran’s top university bombed as US, Israel intensify attacks",Tehran city | Baharestan county | Bandar Lengeh town | Qom town,"US-Israeli strikes kill Iran Guards intelligence chief: Guards | Iran’s top university bombed as US, Israel intensify attacks; 34 killed"
"[{'archive_url': 'https://truth-archive.us-iad-1.linodeobjects.com/attachments/15824/ede7dffb6b2ac91b.jpg', 'description_text': ""Statement from Iranian Foreign Minister Seyed Abbas Araghchi, dated 7 April 2026, expressing gratitude to Pakistan's Prime Minister and an official for efforts to end regional war. Responds to a tweet from PM Sharif and a U.S. negotiation proposal, offering conditional cessation of Iran's defensive operations if attacks stop. Declares a two-week period of safe passage through the Strait of Hormuz in coordination with Iran's Armed Forces."", 'has_file_information': True, 'index': 1, 'info_label': 'Image Description', 'media_type': 'image', 'thumbnail_url': 'https://static-assets-1.truthsocial.com/tmtg:prime-ts-assets/media_attachments/files/116/366/072/001/542/775/small/ede7dffb6b2ac91b.jpg'}]",realDonaldTrump,Donald J. Trump,[],2026-06-12 16:31:00,<p>OFFICIAL STATEMENT OF IRAN:</p>,OFFICIAL STATEMENT OF IRAN:,2026-04-07 23:42:00+00:00,False,False,"['https://truth-archive.us-iad-1.linodeobjects.com/attachments/15824/ede7dffb6b2ac91b.jpg'
 'https://static-assets-1.truthsocial.com/tmtg:prime-ts-assets/media_attachments/files/116/366/072/001/542/775/small/ede7dffb6b2ac91b.jpg']",original,detail_default_no_reblog_or_quote_marker,,truth_social_post_from_trumpstruth_detail.v1,trumpstruth_status_detail,https://trumpstruth.org/statuses/37659,"{'eligible': True, 'exclusion_reason': None}",37659,116366072136989268,https://truthsocial.com/@realDonaldTrump/116366072136989268,2026-04-07 19:42:00-04:00,2026-04-07,True,2026-04-06,1,day_after,4,629305 | 629306 | 629307 | 629308,Joint US-Israel,"US-Israeli strikes kill Iran Guards intelligence chief: Guards | Iran’s top university bombed as US, Israel intensify attacks",Tehran city | Baharestan county | Bandar Lengeh town | Qom town,"US-Israeli strikes kill Iran Guards intelligence chief: Guards | Iran’s top university bombed as US, Israel intensify attacks; 34 killed"
[],realDonaldTrump,Donald J. Trump,[],2026-06-12 17:33:00,"<p>Based on conversations with Prime Minister Shehbaz Sharif and Field Marshal Asim Munir, of Pakistan, and wherein they requested that I hold off the destructive force being sent tonight to Iran, and subject to the Islamic Republic of Iran agreeing to the COMPLETE, IMMEDIATE, and SAFE OPENING of the Strait of Hormuz, I agree to suspend the bombing and attack of Iran for a period of two weeks. This will be a double sided CEASEFIRE! The reason for doing so is that we have already met and exceeded all Military objectives, and are very far along with a definitive Agreement concerning Longterm PEACE with Iran, and PEACE in the Middle East. We received a 10 point proposal from Iran, and believe it is a workable basis on which to negotiate. Almost all of the various points of past contention have been agreed to between the United States and Iran, but a two week period will allow the Agreement to be finalized and consummated. On behalf of the United States of America, as President, and also representing the Countries of the Middle East, it is an Honor to have this Longterm problem close to resolution. Thank you for your attention to this matter! President DONALD J. TRUMP</p>","Based on conversations with Prime Minister Shehbaz Sharif and Field Marshal Asim Munir, of Pakistan, and wherein they requested that I hold off the destructive force being sent tonight to Iran, and subject to the Islamic Republic of Iran agreeing to the COMPLETE, IMMEDIATE, and SAFE OPENING of the Strait of Hormuz, I agree to suspend the bombing and attack of Iran for a period of two weeks. This will be a double sided CEASEFIRE! The reason for doing so is that we have already met and exceeded all Military objectives, and are very far along with a definitive Agreement concerning Longterm PEACE with Iran, and PEACE in the Middle East. We received a 10 point proposal from Iran, and believe it is a workable basis on which to negotiate. Almost all of the various points of past contention have been agreed to between the United States and Iran, but a two week period will allow the Agreement to be finalized and consummated. On behalf of the United States of America, as President, and also representing the Countries of the Middle East, it is an Honor to have this Longterm problem close to resolution. Thank you for your attention to this matter! President DONALD J. TRUMP",2026-04-07 22:32:00+00:00,False,False,[],original,detail_default_no_reblog_or_quote_marker,,truth_social_post_from_trumpstruth_detail.v1,trumpstruth_status_detail,https://trumpstruth.org/statuses/37658,"{'eligible': True, 'exclusion_reason': None}",37658,116365796713313030,https://truthsocial.com/@realDonaldTrump/116365796713313030,2026-04-07 18:32:00-04:00,2026-04-07,True,2026-04-06,1,day_after,4,629305 | 629306 | 629307 | 629308,Joint US-Israel,"US-Israeli strikes kill Iran Guards intelligence chief: Guards | Iran’s top university bombed as US, Israel intensify attacks",Tehran city | Baharestan county | Bandar Lengeh town | Qom town,"US-Israeli strikes kill Iran Guards intelligence chief: Guards | Iran’s top university bombed as US, Israel intensify attacks; 34 killed"
[],realDonaldTrump,Donald J. Trump,[],2026-06-13 01:20:00,"<p>A whole civilization will die tonight, never to be brought back again. I don’t want that to happen, but it probably will. However, now that we have Complete and Total Regime Change, where different, smarter, and less radicalized minds prevail, maybe something revolutionarily wonderful can happen, WHO KNOWS? We will find out tonight, one of the most important moments in the long and complex history of the World. 47 years of extortion, corruption, and death, will finally end. God Bless the Great People of Iran!</p>","A whole civilization will die tonight, never to be brought back again. I don’t want that to happen, but it probably will. However, now that we have Complete and Total Regime Change, where different, smarter, and less radicalized minds prevail, maybe something revolutionarily wonderful can happen, WHO KNOWS? We will find out tonight, one of the most important moments in the long and complex history of the World. 47 years of extortion, corruption, and death, will finally end. God Bless the Great People of Iran!",2026-04-07 12:06:00+00:00,False,False,[],original,detail_default_no_reblog_or_quote_marker,,truth_social_post_from_trumpstruth_detail.v1,trumpstruth_status_detail,https://trumpstruth.org/statuses/37626,"{'eligible': True, 'exclusion_reason': None}",37626,116363336033995961,https://truthsocial.com/@realDonaldTrump/116363336033995961,2026-04-07 08:06:00-04:00,2026-04-07,True,2026-04-06,1,day_after,4,629305 | 629306 | 629307 | 629308,Joint US-Israel,"US-Israeli strikes kill Iran Guards intelligence chief: Guards | Iran’s top university bombed as US, Israel intensify attacks",Tehran city | Baharestan county | Bandar Lengeh town | Qom town,"US-Israeli strikes kill Iran Guards intelligence chief: Guards | Iran’s top university bombed as US, Israel intensify attacks; 34 killed"
[],realDonaldTrump,Donald J. Trump,[],2026-06-12 15:08:00,"<p>Tuesday will be Power Plant Day, and Bridge Day, all wrapped up in one, in Iran. There will be nothing like it!!! Open the Fuckin’ Strait, you crazy bastards, or you’ll be living in Hell - JUST WATCH! Praise be to Allah. President DONALD J. TRUMP</p>","Tuesday will be Power Plant Day, and Bridge Day, all wrapped up in one, in Iran. There will be nothing like it!!! Open the Fuckin’ Strait, you crazy bastards, or you’ll be living in Hell - JUST WATCH! Praise be to Allah. President DONALD J. TRUMP",2026-04-05 12:03:00+00:00,False,False,[],original,detail_default_no_reblog_or_quote_marker,,truth_social_post_from_trumpstruth_detail.v1,trumpstruth_status_detail,https://trumpstruth.org/statuses/37602,"{'eligible': True, 'exclusion_reason': None}",37602,116351998782539414,https://truthsocial.com/@realDonaldTrump/116351998782539414,2026-04-05 08:03:00-04:00,2026-04-05,True,2026-04-06,-1,day_before,4,629305 | 629306 | 629307 | 629308,Joint US-Israel,"US-Israeli strikes kill Iran Guards intelligence chief: Guards | Iran’s top university bombed as US, Israel intensify attacks",Tehran city | Baharestan county | Bandar Lengeh town | Qom town,"US-Israeli strikes kill Iran Guards intelligence chief: Guards | Iran’s top university bombed as US, Israel intensify attacks; 34 killed"
[],realDonaldTrump,Donald J. Trump,[],2026-06-12 15:10:00,"<p>We have rescued the seriously wounded, and really brave, F-15 Crew Member/Officer, from deep inside the mountains of Iran. The Iranian Military was looking hard, in big numbers, and getting close. He is a highly respected Colonel. This type of raid is seldom attempted because of the danger to “man and equipment.” It just doesn’t happen! The second raid came after the first one, where we rescued the pilot in broad daylight, also unusual, spending seven hours over Iran. An AMAZING show of bravery and talent by all! I will be having a News Conference, with the Military, at the Oval Office, on Monday, at 1:00 P.M. God Bless our great MILITARY WARRIORS! President DONALD J. TRUMP</p>","We have rescued the seriously wounded, and really brave, F-15 Crew Member/Officer, from deep inside the mountains of Iran. The Iranian Military was looking hard, in big numbers, and getting close. He is a highly respected Colonel. This type of raid is seldom attempted because of the danger to “man and equipment.” It just doesn’t happen! The second raid came after the first one, where we rescued the pilot in broad daylight, also unusual, spending seven hours over Iran. An AMAZING show of bravery and talent by all! I will be having a News Conference, with the Military, at the Oval Office, on Monday, at 1:00 P.M. God Bless our great MILITARY WARRIORS! President DONALD J. TRUMP",2026-04-05 11:52:00+00:00,False,False,[],original,detail_default_no_reblog_or_quote_marker,,truth_social_post_from_trumpstruth_detail.v1,trumpstruth_status_detail,https://trumpstruth.org/statuses/37603,"{'eligible': True, 'exclusion_reason': None}",37603,116351956955900185,https://truthsocial.com/@realDonaldTrump/116351956955900185,2026-04-05 07:52:00-04:00,2026-04-05,True,2026-04-06,-1,day_before,4,629305 | 629306 | 629307 | 629308,Joint US-Israel,"US-Israeli strikes kill Iran Guards intelligence chief: Guards | Iran’s top university bombed as US, Israel intensify attacks",Tehran city | Baharestan county | Bandar Lengeh town | Qom town,"US-Israeli strikes kill Iran Guards intelligence chief: Guards | Iran’s top university bombed as US, Israel intensify attacks; 34 killed"
[],realDonaldTrump,Donald J. Trump,[],2026-06-12 17:28:00,"<p>FROM PRESIDENT DONALD J. TRUMP</p><p>WE GOT HIM! My fellow Americans, over the past several hours, the United States Military pulled off one of the most daring Search and Rescue Operations in U.S. History, for one of our incredible Crew Member Officers, who also happens to be a highly respected Colonel, and who I am thrilled to let you know is now SAFE and SOUND! This brave Warrior was behind enemy lines in the treacherous mountains of Iran, being hunted down by our enemies, who were getting closer and closer by the hour, but was never truly alone because his Commander in Chief, Secretary of War, Chairman of the Joint Chiefs of Staff, and fellow Warfighters were monitoring his location 24 hours a day, and diligently planning for his rescue. At my direction, the U.S. Military sent dozens of aircraft, armed with the most lethal weapons in the World, to retrieve him. He sustained injuries, but he will be just fine. This miraculous Search and Rescue Operation comes in addition to a successful rescue of another brave Pilot, yesterday, which we did not confirm, because we did not want to jeopardize our second rescue operation. This is the first time in military memory that two U.S. Pilots have been rescued, separately, deep in Enemy Territory. WE WILL NEVER LEAVE AN AMERICAN WARFIGHTER BEHIND! The fact that we were able to pull off both of these operations, without a SINGLE American killed, or even wounded, just proves once again, that we have achieved overwhelming Air Dominance and Superiority over the Iranian skies. This is a moment that ALL Americans, Republican, Democrat, and everyone else, should be proud of and united around. We truly have the best, most professional, and lethal Military in the History of the World. GOD BLESS AMERICA, GOD BLESS OUR TROOPS, AND HAPPY EASTER TO ALL!</p>","FROM PRESIDENT DONALD J. TRUMP
WE GOT HIM! My fellow Americans, over the past several hours, the United States Military pulled off one of the most daring Search and Rescue Operations in U.S. History, for one of our incredible Crew Member Officers, who also happens to be a highly respected Colonel, and who I am thrilled to let you know is now SAFE and SOUND! This brave Warrior was behind enemy lines in the treacherous mountains of Iran, being hunted down by our enemies, who were getting closer and closer by the hour, but was never truly alone because his Commander in Chief, Secretary of War, Chairman of the Joint Chiefs of Staff, and fellow Warfighters were monitoring his location 24 hours a day, and diligently planning for his rescue. At my direction, the U.S. Military sent dozens of aircraft, armed with the most lethal weapons in the World, to retrieve him. He sustained injuries, but he will be just fine. This miraculous Search and Rescue Operation comes in addition to a successful rescue of another brave Pilot, yesterday, which we did not confirm, because we did not want to jeopardize our second rescue operation. This is the first time in military memory that two U.S. Pilots have been rescued, separately, deep in Enemy Territory. WE WILL NEVER LEAVE AN AMERICAN WARFIGHTER BEHIND! The fact that we were able to pull off both of these operations, without a SINGLE American killed, or even wounded, just proves once again, that we have achieved overwhelming Air Dominance and Superiority over the Iranian skies. This is a moment that ALL Americans, Republican, Democrat, and everyone else, should be proud of and united around. We truly have the best, most professional, and lethal Military in the History of the World. GOD BLESS AMERICA, GOD BLESS OUR TROOPS, AND HAPPY EASTER TO ALL!",2026-04-05 04:08:00+00:00,False,False,[],original,detail_default_no_reblog_or_quote_marker,,truth_social_post_from_trumpstruth_detail.v1,trumpstruth_status_detail,https://trumpstruth.org/statuses/37592,"{'eligible': True, 'exclusion_reason': None}",37592,116350133044957842,https://truthsocial.com/@realDonaldTrump/116350133044957842,2026-04-05 00:08:00-04:00,2026-04-05,True,2026-04-06,-1,day_before,4,629305 | 629306 | 629307 | 629308,Joint US-Israel,"US-Israeli strikes kill Iran Guards intelligence chief: Guards | Iran’s top university bombed as US, Israel intensify attacks",Tehran city | Baharestan county | Bandar Lengeh town | Qom town,"US-Israeli strikes kill Iran Guards intelligence chief: Guards | Iran’s top university bombed as US, Israel intensify attacks; 34 killed"
[],realDonaldTrump,Donald J. Trump,[],2026-06-12 13:11:00,"<p>No one can believe that Fake News CNN put out a knowingly false and dangerous statement pretending it came from the upper levels of the Iranian Government. It didn’t! It was totally made up and posted, as a headline, for purpose of, perhaps, inflaming a very delicate situation. It was a new, trouble making site from Nigeria, and CNN just got caught cheating - A very dangerous thing  to do!</p>","No one can believe that Fake News CNN put out a knowingly false and dangerous statement pretending it came from the upper levels of the Iranian Government. It didn’t! It was totally made up and posted, as a headline, for purpose of, perhaps, inflaming a very delicate situation. It was a new, trouble making site from Nigeria, and CNN just got caught cheating - A very dangerous thing to do!",2026-04-08 03:39:00+00:00,False,False,[],original,detail_default_no_reblog_or_quote_marker,,truth_social_post_from_trumpstruth_detail.v1,trumpstruth_status_detail,https://trumpstruth.org/statuses/37661,"{'eligible': True, 'exclusion_reason': None}",37661,116367005523554168,https://truthsocial.com/@realDonaldTrump/116367005523554168,2026-04-07 23:39:00-04:00,2026-04-07,True,2026-04-07,0,day_of,3,629311 | 629312 | 629313,Joint US-Israel,"1st LD: 2 killed, 3 wounded in U.S.-Israeli attack on railway bridge in C. Iran | Synagogue in Tehran ‘completely destroyed’ in US-Israeli attack",Kashan town | Pardis town | Shahriar town,"Two dead in attack on rail bridge in central Iran: regional official;1st LD: 2 killed, 3 wounded in U.S.-Israeli attack on railway bridge in C. Iran | Synagogue in Tehran ‘completely destroyed’ in US-Israeli attack"
[],realDonaldTrump,Donald J. Trump,[],2026-06-12 16:08:00,"<p>The alleged Statement put out by CNN World News is a FRAUD, as CNN well knows. The false Statement was linked to a Fake News site (from Nigeria) and, of course, immediately picked up by CNN, and blared out as a “legitimate” headline. The Official Statement by Iran was just released, and posted on TRUTH, below. Authorities are looking to determine whether or not a crime was committed on the issuance of the Fake CNN World Statement, or was it a sick rogue player? CNN is being ordered to immediately withdraw this Statement with full apologies for their, as usual, terrible “reporting.” Results of the investigation will be announced in the near future. President DONALD J. TRUMP</p>","The alleged Statement put out by CNN World News is a FRAUD, as CNN well knows. The false Statement was linked to a Fake News site (from Nigeria) and, of course, immediately picked up by CNN, and blared out as a “legitimate” headline. The Official Statement by Iran was just released, and posted on TRUTH, below. Authorities are looking to determine whether or not a crime was committed on the issuance of the Fake CNN World Statement, or was it a sick rogue player? CNN is being ordered to immediately withdraw this Statement with full apologies for their, as usual, terrible “reporting.” Results of the investigation will be announced in the near future. President DONALD J. TRUMP",2026-04-08 00:01:00+00:00,False,False,[],original,detail_default_no_reblog_or_quote_marker,,truth_social_post_from_trumpstruth_detail.v1,trumpstruth_status_detail,https://trumpstruth.org/statuses/37660,"{'eligible': True, 'exclusion_reason': None}",37660,116366146721038653,https://truthsocial.com/@realDonaldTrump/116366146721038653,2026-04-07 20:01:00-04:00,2026-04-07,True,2026-04-07,0,day_of,3,629311 | 629312 | 629313,Joint US-Israel,"1st LD: 2 killed, 3 wounded in U.S.-Israeli attack on railway bridge in C. Iran | Synagogue in Tehran ‘completely destroyed’ in US-Israeli attack",Kashan town | Pardis town | Shahriar town,"Two dead in attack on rail bridge in central Iran: regional official;1st LD: 2 killed, 3 wounded in U.S.-Israeli attack on railway bridge in C. Iran | Synagogue in Tehran ‘completely destroyed’ in US-Israeli attack"
"[{'archive_url': 'https://truth-archive.us-iad-1.linodeobjects.com/attachments/15824/ede7dffb6b2ac91b.jpg', 'description_text': ""Statement from Iranian Foreign Minister Seyed Abbas Araghchi, dated 7 April 2026, expressing gratitude to Pakistan's Prime Minister and an official for efforts to end regional war. Responds to a tweet from PM Sharif and a U.S. negotiation proposal, offering conditional cessation of Iran's defensive operations if attacks stop. Declares a two-week period of safe passage through the Strait of Hormuz in coordination with Iran's Armed Forces."", 'has_file_information': True, 'index': 1, 'info_label': 'Image Description', 'media_type': 'image', 'thumbnail_url': 'https://static-assets-1.truthsocial.com/tmtg:prime-ts-assets/media_attachments/files/116/366/072/001/542/775/small/ede7dffb6b2ac91b.jpg'}]",realDonaldTrump,Donald J. Trump,[],2026-06-12 16:31:00,<p>OFFICIAL STATEMENT OF IRAN:</p>,OFFICIAL STATEMENT OF IRAN:,2026-04-07 23:42:00+00:00,False,False,"['https://truth-archive.us-iad-1.linodeobjects.com/attachments/15824/ede7dffb6b2ac91b.jpg'
 'https://static-assets-1.truthsocial.com/tmtg:prime-ts-assets/media_attachments/files/116/366/072/001/542/775/small/ede7dffb6b2ac91b.jpg']",original,detail_default_no_reblog_or_quote_marker,,truth_social_post_from_trumpstruth_detail.v1,trumpstruth_status_detail,https://trumpstruth.org/statuses/37659,"{'eligible': True, 'exclusion_reason': None}",37659,116366072136989268,https://truthsocial.com/@realDonaldTrump/116366072136989268,2026-04-07 19:42:00-04:00,2026-04-07,True,2026-04-07,0,day_of,3,629311 | 629312 | 629313,Joint US-Israel,"1st LD: 2 killed, 3 wounded in U.S.-Israeli attack on railway bridge in C. Iran | Synagogue in Tehran ‘completely destroyed’ in US-Israeli attack",Kashan town | Pardis town | Shahriar town,"Two dead in attack on rail bridge in central Iran: regional official;1st LD: 2 killed, 3 wounded in U.S.-Israeli attack on railway bridge in C. Iran | Synagogue in Tehran ‘completely destroyed’ in US-Israeli attack"
[],realDonaldTrump,Donald J. Trump,[],2026-06-12 17:33:00,"<p>Based on conversations with Prime Minister Shehbaz Sharif and Field Marshal Asim Munir, of Pakistan, and wherein they requested that I hold off the destructive force being sent tonight to Iran, and subject to the Islamic Republic of Iran agreeing to the COMPLETE, IMMEDIATE, and SAFE OPENING of the Strait of Hormuz, I agree to suspend the bombing and attack of Iran for a period of two weeks. This will be a double sided CEASEFIRE! The reason for doing so is that we have already met and exceeded all Military objectives, and are very far along with a definitive Agreement concerning Longterm PEACE with Iran, and PEACE in the Middle East. We received a 10 point proposal from Iran, and believe it is a workable basis on which to negotiate. Almost all of the various points of past contention have been agreed to between the United States and Iran, but a two week period will allow the Agreement to be finalized and consummated. On behalf of the United States of America, as President, and also representing the Countries of the Middle East, it is an Honor to have this Longterm problem close to resolution. Thank you for your attention to this matter! President DONALD J. TRUMP</p>","Based on conversations with Prime Minister Shehbaz Sharif and Field Marshal Asim Munir, of Pakistan, and wherein they requested that I hold off the destructive force being sent tonight to Iran, and subject to the Islamic Republic of Iran agreeing to the COMPLETE, IMMEDIATE, and SAFE OPENING of the Strait of Hormuz, I agree to suspend the bombing and attack of Iran for a period of two weeks. This will be a double sided CEASEFIRE! The reason for doing so is that we have already met and exceeded all Military objectives, and are very far along with a definitive Agreement concerning Longterm PEACE with Iran, and PEACE in the Middle East. We received a 10 point proposal from Iran, and believe it is a workable basis on which to negotiate. Almost all of the various points of past contention have been agreed to between the United States and Iran, but a two week period will allow the Agreement to be finalized and consummated. On behalf of the United States of America, as President, and also representing the Countries of the Middle East, it is an Honor to have this Longterm problem close to resolution. Thank you for your attention to this matter! President DONALD J. TRUMP",2026-04-07 22:32:00+00:00,False,False,[],original,detail_default_no_reblog_or_quote_marker,,truth_social_post_from_trumpstruth_detail.v1,trumpstruth_status_detail,https://trumpstruth.org/statuses/37658,"{'eligible': True, 'exclusion_reason': None}",37658,116365796713313030,https://truthsocial.com/@realDonaldTrump/116365796713313030,2026-04-07 18:32:00-04:00,2026-04-07,True,2026-04-07,0,day_of,3,629311 | 629312 | 629313,Joint US-Israel,"1st LD: 2 killed, 3 wounded in U.S.-Israeli attack on railway bridge in C. Iran | Synagogue in Tehran ‘completely destroyed’ in US-Israeli attack",Kashan town | Pardis town | Shahriar town,"Two dead in attack on rail bridge in central Iran: regional official;1st LD: 2 killed, 3 wounded in U.S.-Israeli attack on railway bridge in C. Iran | Synagogue in Tehran ‘completely destroyed’ in US-Israeli attack"
[],realDonaldTrump,Donald J. Trump,[],2026-06-13 01:20:00,"<p>A whole civilization will die tonight, never to be brought back again. I don’t want that to happen, but it probably will. However, now that we have Complete and Total Regime Change, where different, smarter, and less radicalized minds prevail, maybe something revolutionarily wonderful can happen, WHO KNOWS? We will find out tonight, one of the most important moments in the long and complex history of the World. 47 years of extortion, corruption, and death, will finally end. God Bless the Great People of Iran!</p>","A whole civilization will die tonight, never to be brought back again. I don’t want that to happen, but it probably will. However, now that we have Complete and Total Regime Change, where different, smarter, and less radicalized minds prevail, maybe something revolutionarily wonderful can happen, WHO KNOWS? We will find out tonight, one of the most important moments in the long and complex history of the World. 47 years of extortion, corruption, and death, will finally end. God Bless the Great People of Iran!",2026-04-07 12:06:00+00:00,False,False,[],original,detail_default_no_reblog_or_quote_marker,,truth_social_post_from_trumpstruth_detail.v1,trumpstruth_status_detail,https://trumpstruth.org/statuses/37626,"{'eligible': True, 'exclusion_reason': None}",37626,116363336033995961,https://truthsocial.com/@realDonaldTrump/116363336033995961,2026-04-07 08:06:00-04:00,2026-04-07,True,2026-04-07,0,day_of,3,629311 | 629312 | 629313,Joint US-Israel,"1st LD: 2 killed, 3 wounded in U.S.-Israeli attack on railway bridge in C. Iran | Synagogue in Tehran ‘completely destroyed’ in US-Israeli attack",Kashan town | Pardis town | Shahriar town,"Two dead in attack on rail bridge in central Iran: regional official;1st LD: 2 killed, 3 wounded in U.S.-Israeli attack on railway bridge in C. Iran | Synagogue in Tehran ‘completely destroyed’ in US-Israeli attack"
[],realDonaldTrump,Donald J. Trump,[],2026-06-11 21:11:00,"<p>All U.S. Ships, Aircraft, and Military Personnel, with additional Ammunition, Weaponry, and anything else that is appropriate and necessary for the lethal prosecution and destruction of an already substantially degraded Enemy, will remain in place in, and around, Iran, until such time as the REAL AGREEMENT reached is fully complied with. If for any reason it is not, which is highly unlikely, then the “Shootin’ Starts,” bigger, and better, and stronger than anyone has ever seen before. It was agreed, a long time ago, and despite all of the fake rhetoric to the contrary - NO NUCLEAR WEAPONS and, the Strait of Hormuz WILL BE OPEN &amp; SAFE. In the meantime our great Military is Loading Up and Resting, looking forward, actually, to its next Conquest. AMERICA IS BACK!</p>","All U.S. Ships, Aircraft, and Military Personnel, with additional Ammunition, Weaponry, and anything else that is appropriate and necessary for the lethal prosecution and destruction of an already substantially degraded Enemy, will remain in place in, and around, Iran, until such time as the REAL AGREEMENT reached is fully complied with. If for any reason it is not, which is highly unlikely, then the “Shootin’ Starts,” bigger, and better, and stronger than anyone has ever seen before. It was agreed, a long time ago, and despite all of the fake rhetoric to the contrary - NO NUCLEAR WEAPONS and, the Strait of Hormuz WILL BE OPEN & SAFE. In the meantime our great Military is Loading Up and Resting, looking forward, actually, to its next Conquest. AMERICA IS BACK!",2026-04-09 03:46:00+00:00,False,False,[],original,detail_default_no_reblog_or_quote_marker,,truth_social_post_from_trumpstruth_detail.v1,trumpstruth_status_detail,https://trumpstruth.org/statuses/37672,"{'eligible': True, 'exclusion_reason': None}",37672,116372694697146221,https://truthsocial.com/@realDonaldTrump/116372694697146221,2026-04-08 23:46:00-04:00,2026-04-08,True,2026-04-07,1,day_after,3,629311 | 629312 | 629313,Joint US-Israel,"1st LD: 2 killed, 3 wounded in U.S.-Israeli attack on railway bridge in C. Iran | Synagogue in Tehran ‘completely destroyed’ in US-Israeli attack",Kashan town | Pardis town | Shahriar town,"Two dead in attack on rail bridge in central Iran: regional official;1st LD: 2 killed, 3 wounded in U.S.-Israeli attack on railway bridge in C. Iran | Synagogue in Tehran ‘completely destroyed’ in US-Israeli attack"
[],realDonaldTrump,Donald J. Trump,[],2026-06-12 08:41:00,"<p>Numerous Agreements, Lists, and Letters are being sent out by people that have absolutely nothing to do with the U.S.A. / Iran Negotiation, in many cases, they are total Fraudsters, Charlatans, and WORSE. They will be rapidly exposed after our Federal Investigation is completed. There is only one group of meaningful “POINTS” that are acceptable to the United States, and we will be discussing them behind closed doors during these Negotiations. These are the POINTS that are the basis on which we agreed to a CEASEFIRE. It is something that is reasonable, and can easily be dispensed with. It’s very much like Fake News CNN last night, headlining a “source” that had no power or authority to write a Letter claiming great authority. President DONALD J. TRUMP</p>","Numerous Agreements, Lists, and Letters are being sent out by people that have absolutely nothing to do with the U.S.A. / Iran Negotiation, in many cases, they are total Fraudsters, Charlatans, and WORSE. They will be rapidly exposed after our Federal Investigation is completed. There is only one group of meaningful “POINTS” that are acceptable to the United States, and we will be discussing them behind closed doors during these Negotiations. These are the POINTS that are the basis on which we agreed to a CEASEFIRE. It is something that is reasonable, and can easily be dispensed with. It’s very much like Fake News CNN last night, headlining a “source” that had no power or authority to write a Letter claiming great authority. President DONALD J. TRUMP",2026-04-08 16:04:00+00:00,False,False,[],original,detail_default_no_reblog_or_quote_marker,,truth_social_post_from_trumpstruth_detail.v1,trumpstruth_status_detail,https://trumpstruth.org/statuses/37668,"{'eligible': True, 'exclusion_reason': None}",37668,116369934305888462,https://truthsocial.com/@realDonaldTrump/116369934305888462,2026-04-08 12:04:00-04:00,2026-04-08,True,2026-04-07,1,day_after,3,629311 | 629312 | 629313,Joint US-Israel,"1st LD: 2 killed, 3 wounded in U.S.-Israeli attack on railway bridge in C. Iran | Synagogue in Tehran ‘completely destroyed’ in US-Israeli attack",Kashan town | Pardis town | Shahriar town,"Two dead in attack on rail bridge in central Iran: regional official;1st LD: 2 killed, 3 wounded in U.S.-Israeli attack on railway bridge in C. Iran | Synagogue in Tehran ‘completely destroyed’ in US-Israeli attack"
[],realDonaldTrump,Donald J. Trump,[],2026-06-12 10:41:00,"<p>The United States will work closely with Iran, which we have determined has gone through what will be a very productive Regime Change! There will be no enrichment of Uranium, and the United States will, working with Iran, dig up and remove all of the deeply buried (B-2 Bombers) Nuclear “Dust.” It is now, and has been, under very exacting Satellite Surveillance (Space Force!). Nothing has been touched from the date of attack. We are, and will be, talking Tariff and Sanctions relief with Iran. Many of the 15 points have already been been agreed to. Thank you for your attention to this matter. President DONALD J. TRUMP</p>","The United States will work closely with Iran, which we have determined has gone through what will be a very productive Regime Change! There will be no enrichment of Uranium, and the United States will, working with Iran, dig up and remove all of the deeply buried (B-2 Bombers) Nuclear “Dust.” It is now, and has been, under very exacting Satellite Surveillance (Space Force!). Nothing has been touched from the date of attack. We are, and will be, talking Tariff and Sanctions relief with Iran. Many of the 15 points have already been been agreed to. Thank you for your attention to this matter. President DONALD J. TRUMP",2026-04-08 11:22:00+00:00,False,False,[],original,detail_default_no_reblog_or_quote_marker,,truth_social_post_from_trumpstruth_detail.v1,trumpstruth_status_detail,https://trumpstruth.org/statuses/37665,"{'eligible': True, 'exclusion_reason': None}",37665,116368825638596650,https://truthsocial.com/@realDonaldTrump/116368825638596650,2026-04-08 07:22:00-04:00,2026-04-08,True,2026-04-07,1,day_after,3,629311 | 629312 | 629313,Joint US-Israel,"1st LD: 2 killed, 3 wounded in U.S.-Israeli attack on railway bridge in C. Iran | Synagogue in Tehran ‘completely destroyed’ in US-Israeli attack",Kashan town | Pardis town | Shahriar town,"Two dead in attack on rail bridge in central Iran: regional official;1st LD: 2 killed, 3 wounded in U.S.-Israeli attack on railway bridge in C. Iran | Synagogue in Tehran ‘completely destroyed’ in US-Israeli attack"
[],realDonaldTrump,Donald J. Trump,[],2026-06-12 13:11:00,"<p>A big day for World Peace! Iran wants it to happen, they’ve had enough! Likewise, so has everyone else! The United States of America will be helping with the traffic buildup in the Strait of Hormuz. There will be lots of positive action! Big money will be made. Iran can start the reconstruction process. We’ll be loading up with supplies of all kinds, and just “hangin’ around” in order to make sure that everything goes well. I feel confident that it will. Just like we are experiencing in the U.S., this could be the Golden Age of the Middle East!!! President DONALD J. TRUMP</p>","A big day for World Peace! Iran wants it to happen, they’ve had enough! Likewise, so has everyone else! The United States of America will be helping with the traffic buildup in the Strait of Hormuz. There will be lots of positive action! Big money will be made. Iran can start the reconstruction process. We’ll be loading up with supplies of all kinds, and just “hangin’ around” in order to make sure that everything goes well. I feel confident that it will. Just like we are experiencing in the U.S., this could be the Golden Age of the Middle East!!! President DONALD J. TRUMP",2026-04-08 04:01:00+00:00,False,False,[],original,detail_default_no_reblog_or_quote_marker,,truth_social_post_from_trumpstruth_detail.v1,trumpstruth_status_detail,https://trumpstruth.org/statuses/37663,"{'eligible': True, 'exclusion_reason': None}",37663,116367088879643074,https://truthsocial.com/@realDonaldTrump/116367088879643074,2026-04-08 00:01:00-04:00,2026-04-08,True,2026-04-07,1,day_after,3,629311 | 629312 | 629313,Joint US-Israel,"1st LD: 2 killed, 3 wounded in U.S.-Israeli attack on railway bridge in C. Iran | Synagogue in Tehran ‘completely destroyed’ in US-Israeli attack",Kashan town | Pardis town | Shahriar town,"Two dead in attack on rail bridge in central Iran: regional official;1st LD: 2 killed, 3 wounded in U.S.-Israeli attack on railway bridge in C. Iran | Synagogue in Tehran ‘completely destroyed’ in US-Israeli attack"
[],realDonaldTrump,Donald J. Trump,[],2026-06-12 10:20:00,"<p>A Country supplying Military Weapons to Iran will be immediately tariffed, on any and all goods sold to the United States of America, 50%, effective immediately. There will be no exclusions or exemptions! President DJT</p>","A Country supplying Military Weapons to Iran will be immediately tariffed, on any and all goods sold to the United States of America, 50%, effective immediately. There will be no exclusions or exemptions! President DJT",2026-04-08 11:30:00+00:00,False,False,[],original,detail_default_no_reblog_or_quote_marker,,truth_social_post_from_trumpstruth_detail.v1,trumpstruth_status_detail,https://trumpstruth.org/statuses/37666,"{'eligible': True, 'exclusion_reason': None}",37666,116368854361048135,https://truthsocial.com/@realDonaldTrump/116368854361048135,2026-04-08 07:30:00-04:00,2026-04-08,True,2026-04-07,1,day_after,3,629311 | 629312 | 629313,Joint US-Israel,"1st LD: 2 killed, 3 wounded in U.S.-Israeli attack on railway bridge in C. Iran | Synagogue in Tehran ‘completely destroyed’ in US-Israeli attack",Kashan town | Pardis town | Shahriar town,"Two dead in attack on rail bridge in central Iran: regional official;1st LD: 2 killed, 3 wounded in U.S.-Israeli attack on railway bridge in C. Iran | Synagogue in Tehran ‘completely destroyed’ in US-Israeli attack"
[],realDonaldTrump,Donald J. Trump,[],2026-06-13 17:12:00,<p>The Failing New York Times and Fake News CNN each reported a totally FAKE TEN POINT PLAN on the Iran negotiations which was meant to discredit the people involved in the peace process. All ten points were a made up HOAX - EVIL LOSERS!!! MAKE AMERICA GREAT AGAIN</p>,The Failing New York Times and Fake News CNN each reported a totally FAKE TEN POINT PLAN on the Iran negotiations which was meant to discredit the people involved in the peace process. All ten points were a made up HOAX - EVIL LOSERS!!! MAKE AMERICA GREAT AGAIN,2026-04-09 02:56:00+00:00,False,False,[],original,detail_default_no_reblog_or_quote_marker,,truth_social_post_from_trumpstruth_detail.v1,trumpstruth_status_detail,https://trumpstruth.org/statuses/37671,"{'eligible': True, 'exclusion_reason': None}",37671,116372497116210545,https://truthsocial.com/@realDonaldTrump/116372497116210545,2026-04-08 22:56:00-04:00,2026-04-08,True,2026-04-07,1,day_after,3,629311 | 629312 | 629313,Joint US-Israel,"1st LD: 2 killed, 3 wounded in U.S.-Israeli attack on railway bridge in C. Iran | Synagogue in Tehran ‘completely destroyed’ in US-Israeli attack",Kashan town | Pardis town | Shahriar town,"Two dead in attack on rail bridge in central Iran: regional official;1st LD: 2 killed, 3 wounded in U.S.-Israeli attack on railway bridge in C. Iran | Synagogue in Tehran ‘completely destroyed’ in US-Israeli attack"
[],realDonaldTrump,Donald J. Trump,[],2026-06-12 14:51:00,"<p>Based on the request of Pakistan and other Countries, the tremendous Military Success that we have had during the Campaign against the Country of Iran and, additionally, the fact that Great Progress has been made toward a Complete and Final Agreement with Representatives of Iran, we have mutually agreed that, while the Blockade will remain in full force and effect, Project Freedom (The Movement of Ships through the Strait of Hormuz) will be paused for a short period of time to see whether or not the Agreement can be finalized and signed. President DONALD J. TRUMP</p>","Based on the request of Pakistan and other Countries, the tremendous Military Success that we have had during the Campaign against the Country of Iran and, additionally, the fact that Great Progress has been made toward a Complete and Final Agreement with Representatives of Iran, we have mutually agreed that, while the Blockade will remain in full force and effect, Project Freedom (The Movement of Ships through the Strait of Hormuz) will be paused for a short period of time to see whether or not the Agreement can be finalized and signed. President DONALD J. TRUMP",2026-05-05 22:52:00+00:00,False,False,[],original,detail_default_no_reblog_or_quote_marker,,truth_social_post_from_trumpstruth_detail.v1,trumpstruth_status_detail,https://trumpstruth.org/statuses/38210,"{'eligible': True, 'exclusion_reason': None}",38210,116524418935002706,https://truthsocial.com/@realDonaldTrump/116524418935002706,2026-05-05 18:52:00-04:00,2026-05-05,True,2026-05-04,1,day_after,1,629402,US,Iran says US military killed five civilians in attacks on passenger boats,Iran,"Iran says US military killed five civilians in attacks on passenger boats;Iran says US targeted civilian, not IRGC, boats, killing five people

CR 

Source: Fars News Agency, Tehran, in Persian 0603 GMT 5 May 26"
[],realDonaldTrump,Donald J. Trump,[],2026-06-12 15:33:00,"<p>Iran has taken some shots at unrelated Nations with respect to the Ship Movement, PROJECT FREEDOM, including a South Korean Cargo Ship. Perhaps it’s time for South Korea to come and join the mission! We’ve shot down seven small Boats or, as they like to call them, “fast” Boats. It’s all they have left. Other than the South Korean Ship, there has been, at this moment, no damage going through the Strait. Secretary of War Pete Hegseth and Chairman of the Joint Chiefs of Staff, Dan Caine, will have a News Conference tomorrow morning. Thank you for your attention to this matter! President DONALD J. TRUMP</p>","Iran has taken some shots at unrelated Nations with respect to the Ship Movement, PROJECT FREEDOM, including a South Korean Cargo Ship. Perhaps it’s time for South Korea to come and join the mission! We’ve shot down seven small Boats or, as they like to call them, “fast” Boats. It’s all they have left. Other than the South Korean Ship, there has been, at this moment, no damage going through the Strait. Secretary of War Pete Hegseth and Chairman of the Joint Chiefs of Staff, Dan Caine, will have a News Conference tomorrow morning. Thank you for your attention to this matter! President DONALD J. TRUMP",2026-05-04 17:16:00+00:00,False,False,[],original,detail_default_no_reblog_or_quote_marker,,truth_social_post_from_trumpstruth_detail.v1,trumpstruth_status_detail,https://trumpstruth.org/statuses/38162,"{'eligible': True, 'exclusion_reason': None}",38162,116517438678419639,https://truthsocial.com/@realDonaldTrump/116517438678419639,2026-05-04 13:16:00-04:00,2026-05-04,True,2026-05-04,0,day_of,1,629402,US,Iran says US military killed five civilians in attacks on passenger boats,Iran,"Iran says US military killed five civilians in attacks on passenger boats;Iran says US targeted civilian, not IRGC, boats, killing five people

CR 

Source: Fars News Agency, Tehran, in Persian 0603 GMT 5 May 26"
[],realDonaldTrump,Donald J. Trump,[],2026-06-13 03:41:00,"<p>Countries from all over the World, almost all of which are not involved in the Middle Eastern dispute going on so visibly, and violently, for all to see, have asked the United States if we could help free up their Ships, which are locked up in the Strait of Hormuz, on something which they have absolutely nothing to do with — They are merely neutral and innocent bystanders! For the good of Iran, the Middle East, and the United States, we have told these Countries that we will guide their Ships safely out of these restricted Waterways, so that they can freely and ably get on with their business. Again, these are Ships from areas of the World that are not in any way involved with that which is currently taking place in the Middle East. I have told my Representatives to inform them that we will use best efforts to get their Ships and Crews safely out of the Strait. In all cases, they said they will not be returning until the area becomes safe for navigation, and everything else. This process, Project Freedom, will begin Monday morning, Middle East time. I am fully aware that my Representatives are having very positive discussions with the Country of Iran, and that these discussions could lead to something very positive for all. The Ship movement is merely meant to free up people, companies, and Countries that have done absolutely nothing wrong — They are victims of circumstance. This is a Humanitarian gesture on behalf of the United States, Middle Eastern Countries but, in particular, the Country of Iran. Many of these Ships are running low on food, and everything else necessary for largescale crews to stay on board in a healthy and sanitary manner. I think it would go a long way in showing Goodwill on behalf of all of those who have been fighting so strenuously over the last number of months. If, in any way, this Humanitarian process is interfered with, that interference will, unfortunately, have to be dealt with forcefully. Thank you for your attention to this matter!</p><p>DONALD J. TRUMP<br></br>PRESIDENT OF THE UNITED STATES OF AMERICA</p>","Countries from all over the World, almost all of which are not involved in the Middle Eastern dispute going on so visibly, and violently, for all to see, have asked the United States if we could help free up their Ships, which are locked up in the Strait of Hormuz, on something which they have absolutely nothing to do with — They are merely neutral and innocent bystanders! For the good of Iran, the Middle East, and the United States, we have told these Countries that we will guide their Ships safely out of these restricted Waterways, so that they can freely and ably get on with their business. Again, these are Ships from areas of the World that are not in any way involved with that which is currently taking place in the Middle East. I have told my Representatives to inform them that we will use best efforts to get their Ships and Crews safely out of the Strait. In all cases, they said they will not be returning until the area becomes safe for navigation, and everything else. This process, Project Freedom, will begin Monday morning, Middle East time. I am fully aware that my Representatives are having very positive discussions with the Country of Iran, and that these discussions could lead to something very positive for all. The Ship movement is merely meant to free up people, companies, and Countries that have done absolutely nothing wrong — They are victims of circumstance. This is a Humanitarian gesture on behalf of the United States, Middle Eastern Countries but, in particular, the Country of Iran. Many of these Ships are running low on food, and everything else necessary for largescale crews to stay on board in a healthy and sanitary manner. I think it would go a long way in showing Goodwill on behalf of all of those who have been fighting so strenuously over the last number of months. If, in any way, this Humanitarian process is interfered with, that interference will, unfortunately, have to be dealt with forcefully. Thank you for your attention to this matter!
DONALD J. TRUMP
PRESIDENT OF THE UNITED STATES OF AMERICA",2026-05-03 20:35:00+00:00,False,False,[],original,detail_default_no_reblog_or_quote_marker,,truth_social_post_from_trumpstruth_detail.v1,trumpstruth_status_detail,https://trumpstruth.org/statuses/38147,"{'eligible': True, 'exclusion_reason': None}",38147,116512555123589170,https://truthsocial.com/@realDonaldTrump/116512555123589170,2026-05-03 16:35:00-04:00,2026-05-03,True,2026-05-04,-1,day_before,1,629402,US,Iran says US military killed five civilians in attacks on passenger boats,Iran,"Iran says US military killed five civilians in attacks on passenger boats;Iran says US targeted civilian, not IRGC, boats, killing five people

CR 

Source: Fars News Agency, Tehran, in Persian 0603 GMT 5 May 26"
[],realDonaldTrump,Donald J. Trump,[],2026-07-11 08:31:00,"<p>Other Polls have my Approval Rating at 65%, and more! Like Journalists, Honest Pollsters are very rare and hard to find! President DJT<br></br><a href=""https://www.newsmax.com/mclaughlin/mclaughlin-poll-iran/2026/06/25/id/1260918/"" rel=""nofollow noopener noreferrer"" target=""_blank""><span class=""invisible"">https://www.</span><span class=""ellipsis"">newsmax.com/mclaughlin/mclaugh</span><span class=""invisible"">lin-poll-iran/2026/06/25/id/1260918/</span></a></p>","Other Polls have my Approval Rating at 65%, and more! Like Journalists, Honest Pollsters are very rare and hard to find! President DJT
https://www.newsmax.com/mclaughlin/mclaughlin-poll-iran/2026/06/25/id/1260918/",2026-06-26 13:52:00+00:00,False,False,[],original,detail_default_no_reblog_or_quote_marker,,truth_social_post_from_trumpstruth_detail.v1,trumpstruth_status_detail,https://trumpstruth.org/statuses/39542,"{'eligible': True, 'exclusion_reason': None}",39542,116816735268373974,https://truthsocial.com/@realDonaldTrump/116816735268373974,2026-06-26 09:52:00-04:00,2026-06-26,True,2026-06-27,-1,day_before,1,637547,US,"Iran says US attacks over three weeks killed 50, injured more than 500",Iran,"Iran says US attacks over three weeks killed 50, injured more than 500"
[],realDonaldTrump,Donald J. Trump,[],2026-07-11 18:11:00,"<p>The Islamic Republic of Iran shot at least four One Way Attack Drones at Ships transversing the Strait of Hormuz. One of the Drones solidly hit the upper deck of a large and very expensive Cargo Carrying Ship. Damage was done, but the Ship was able to proceed on its way. We knocked down three other Drones. Obviously, this is a foolish violation of our Ceasefire Agreement. President DONALD J. TRUMP</p>","The Islamic Republic of Iran shot at least four One Way Attack Drones at Ships transversing the Strait of Hormuz. One of the Drones solidly hit the upper deck of a large and very expensive Cargo Carrying Ship. Damage was done, but the Ship was able to proceed on its way. We knocked down three other Drones. Obviously, this is a foolish violation of our Ceasefire Agreement. President DONALD J. TRUMP",2026-06-26 15:51:00+00:00,False,False,[],original,detail_default_no_reblog_or_quote_marker,,truth_social_post_from_trumpstruth_detail.v1,trumpstruth_status_detail,https://trumpstruth.org/statuses/39545,"{'eligible': True, 'exclusion_reason': None}",39545,116817203281419093,https://truthsocial.com/@realDonaldTrump/116817203281419093,2026-06-26 11:51:00-04:00,2026-06-26,True,2026-06-27,-1,day_before,1,637547,US,"Iran says US attacks over three weeks killed 50, injured more than 500",Iran,"Iran says US attacks over three weeks killed 50, injured more than 500"
[],realDonaldTrump,Donald J. Trump,[],2026-07-11 12:51:00,"<p>United States aircraft just struck Iranian missile and drone storage locations, and coastal radar sites, for violating the Cease Fire Agreement, AGAIN! It is very possible that they will never learn! There may come a point when we are no longer able to be reasonable, and will be forced to militarily complete the job that we very successfully started. If that happens, the Islamic Republic of Iran will no longer exist! President DJT</p>","United States aircraft just struck Iranian missile and drone storage locations, and coastal radar sites, for violating the Cease Fire Agreement, AGAIN! It is very possible that they will never learn! There may come a point when we are no longer able to be reasonable, and will be forced to militarily complete the job that we very successfully started. If that happens, the Islamic Republic of Iran will no longer exist! President DJT",2026-06-27 23:13:00+00:00,False,False,[],original,detail_default_no_reblog_or_quote_marker,,truth_social_post_from_trumpstruth_detail.v1,trumpstruth_status_detail,https://trumpstruth.org/statuses/39580,"{'eligible': True, 'exclusion_reason': None}",39580,116824603632739697,https://truthsocial.com/@realDonaldTrump/116824603632739697,2026-06-27 19:13:00-04:00,2026-06-27,True,2026-06-27,0,day_of,1,637547,US,"Iran says US attacks over three weeks killed 50, injured more than 500",Iran,"Iran says US attacks over three weeks killed 50, injured more than 500"
[],realDonaldTrump,Donald J. Trump,[],2026-07-11 10:11:00,"<p>Mack to the future: Trump touts Iran deal energy boom that could boost trucking biz: <a href=""https://justthenews.com/government/white-house/mack-future-trump-touts-tariffs-and-iran-deal-energy-boom-will-boost"" rel=""nofollow noopener noreferrer"" target=""_blank""><span class=""invisible"">https://</span><span class=""ellipsis"">justthenews.com/government/whi</span><span class=""invisible"">te-house/mack-future-trump-touts-tariffs-and-iran-deal-energy-boom-will-boost</span></a></p>",Mack to the future: Trump touts Iran deal energy boom that could boost trucking biz: https://justthenews.com/government/white-house/mack-future-trump-touts-tariffs-and-iran-deal-energy-boom-will-boost,2026-06-28 03:53:00+00:00,False,False,[],original,detail_default_no_reblog_or_quote_marker,,truth_social_post_from_trumpstruth_detail.v1,trumpstruth_status_detail,https://trumpstruth.org/statuses/39583,"{'eligible': True, 'exclusion_reason': None}",39583,116825706034291064,https://truthsocial.com/@realDonaldTrump/116825706034291064,2026-06-27 23:53:00-04:00,2026-06-27,True,2026-06-27,0,day_of,1,637547,US,"Iran says US attacks over three weeks killed 50, injured more than 500",Iran,"Iran says US attacks over three weeks killed 50, injured more than 500"
[],realDonaldTrump,Donald J. Trump,[],2026-07-11 10:11:00,"<p>Based on a very quick and boring briefing concerning the Magot Hagerman book about me, it is mostly made up, Fake News, largely fiction, as have been most of the things she has written about me for so many years. She is a third rate writer and intellect, who has made a first rate income because of your favorite President, ME. She was wrong about me on the Elections, although she knew I was going to win, BIG! She was wrong about me on the Russia, Russia, Russia Hoax, and she was wrong about me on just about everything else. But she continues to spew out garbage, and people continue to buy it. REMEMBER, I WON THE ELECTION, BIG - ALL SEVEN SWING STATES, THE POPULAR VOTE, 86% of the Counties…And they don’t have the audio tapes that they imply they have. Just another Margot Con Job! And Iran will never have a Nuclear Weapon!!! President DONALD J. TRUMP</p>","Based on a very quick and boring briefing concerning the Magot Hagerman book about me, it is mostly made up, Fake News, largely fiction, as have been most of the things she has written about me for so many years. She is a third rate writer and intellect, who has made a first rate income because of your favorite President, ME. She was wrong about me on the Elections, although she knew I was going to win, BIG! She was wrong about me on the Russia, Russia, Russia Hoax, and she was wrong about me on just about everything else. But she continues to spew out garbage, and people continue to buy it. REMEMBER, I WON THE ELECTION, BIG - ALL SEVEN SWING STATES, THE POPULAR VOTE, 86% of the Counties…And they don’t have the audio tapes that they imply they have. Just another Margot Con Job! And Iran will never have a Nuclear Weapon!!! President DONALD J. TRUMP",2026-06-28 04:22:00+00:00,False,False,[],original,detail_default_no_reblog_or_quote_marker,,truth_social_post_from_trumpstruth_detail.v1,trumpstruth_status_detail,https://trumpstruth.org/statuses/39590,"{'eligible': True, 'exclusion_reason': None}",39590,116825821568797363,https://truthsocial.com/@realDonaldTrump/116825821568797363,2026-06-28 00:22:00-04:00,2026-06-28,True,2026-06-27,1,day_after,1,637547,US,"Iran says US attacks over three weeks killed 50, injured more than 500",Iran,"Iran says US attacks over three weeks killed 50, injured more than 500"
"[{'archive_url': 'https://truth-archive.us-iad-1.linodeobjects.com/attachments/17078/dd229309d5f033f4.png', 'description_text': 'A large, dark smoke cloud and bright flames rise from a fire in an industrial area at night, with the cityscape of Chabahar, Iran illuminated in the background.', 'has_file_information': True, 'index': 1, 'info_label': 'Image Description', 'media_type': 'image', 'thumbnail_url': 'https://static-assets-1.truthsocial.com/tmtg:prime-ts-assets/media_attachments/files/116/886/504/655/620/999/small/dd229309d5f033f4.png'}]",realDonaldTrump,Donald J. Trump,[],2026-07-11 19:11:00,"<p>This is in retribution for yesterday’s bombing of ships by Iran. If it happens again, it will get much worse!</p>","This is in retribution for yesterday’s bombing of ships by Iran. If it happens again, it will get much worse!",2026-07-08 21:35:00+00:00,False,False,"['https://truth-archive.us-iad-1.linodeobjects.com/attachments/17078/dd229309d5f033f4.png'
 'https://static-assets-1.truthsocial.com/tmtg:prime-ts-assets/media_attachments/files/116/886/504/655/620/999/small/dd229309d5f033f4.png']",original,detail_default_no_reblog_or_quote_marker,,truth_social_post_from_trumpstruth_detail.v1,trumpstruth_status_detail,https://trumpstruth.org/statuses/39899,"{'eligible': True, 'exclusion_reason': None}",39899,116886505160658220,https://truthsocial.com/@realDonaldTrump/116886505160658220,2026-07-08 17:35:00-04:00,2026-07-08,True,2026-07-08,0,day_of,5,637517 | 637518 | 637519 | 637521 | 637534,US,"Iran state media says member of Revolutionary Guards killed in US strikes | Eight Iran military personnel killed in US strikes: state media | Iran army says eight members killed in latest US attack | Iran health ministry says 14 killed in two days of US strikes | US strikes Iran, vows to reimpose naval blockade",Bandar-e Mahshahr town | Bandar Abbas county | Bushehr province | Iran,"Iran state media says member of Revolutionary Guards killed in US strikes | Eight Iran military personnel killed in US strikes: state media | Iran army says eight members killed in latest US attack | Iran health ministry says 14 killed in two days of US strikes | US strikes Iran, vows to reimpose naval blockade;More than 30 people killed in U.S. airstrikes targeting Iran in ""recent days,"" Iranian
government spokesperson says"
"[{'archive_url': 'https://truth-archive.us-iad-1.linodeobjects.com/attachments/17078/dd229309d5f033f4.png', 'description_text': 'A large, dark smoke cloud and bright flames rise from a fire in an industrial area at night, with the cityscape of Chabahar, Iran illuminated in the background.', 'has_file_information': True, 'index': 1, 'info_label': 'Image Description', 'media_type': 'image', 'thumbnail_url': 'https://static-assets-1.truthsocial.com/tmtg:prime-ts-assets/media_attachments/files/116/886/504/655/620/999/small/dd229309d5f033f4.png'}]",realDonaldTrump,Donald J. Trump,[],2026-07-11 19:11:00,"<p>This is in retribution for yesterday’s bombing of ships by Iran. If it happens again, it will get much worse!</p>","This is in retribution for yesterday’s bombing of ships by Iran. If it happens again, it will get much worse!",2026-07-08 21:35:00+00:00,False,False,"['https://truth-archive.us-iad-1.linodeobjects.com/attachments/17078/dd229309d5f033f4.png'
 'https://static-assets-1.truthsocial.com/tmtg:prime-ts-assets/media_attachments/files/116/886/504/655/620/999/small/dd229309d5f033f4.png']",original,detail_default_no_reblog_or_quote_marker,,truth_social_post_from_trumpstruth_detail.v1,trumpstruth_status_detail,https://trumpstruth.org/statuses/39899,"{'eligible': True, 'exclusion_reason': None}",39899,116886505160658220,https://truthsocial.com/@realDonaldTrump/116886505160658220,2026-07-08 17:35:00-04:00,2026-07-08,True,2026-07-09,-1,day_before,1,637520,US,US strikes kill three in western Iran: Iranian state media,Ahvaz town,US strikes kill three in western Iran: Iranian state media
[],realDonaldTrump,Donald J. Trump,[],2026-07-11 21:53:00,"<p>The Islamic Republic of Iran has asked us to continue “talks.” We have agreed to do so, but the United States has stated to them, in no uncertain terms, that the Cease Fire is OVER! Thank you for your attention to this matter. President DONALD J. TRUMP</p>","The Islamic Republic of Iran has asked us to continue “talks.” We have agreed to do so, but the United States has stated to them, in no uncertain terms, that the Cease Fire is OVER! Thank you for your attention to this matter. President DONALD J. TRUMP",2026-07-10 14:32:00+00:00,False,False,[],original,detail_default_no_reblog_or_quote_marker,,truth_social_post_from_trumpstruth_detail.v1,trumpstruth_status_detail,https://trumpstruth.org/statuses/39916,"{'eligible': True, 'exclusion_reason': None}",39916,116896167446779964,https://truthsocial.com/@realDonaldTrump/116896167446779964,2026-07-10 10:32:00-04:00,2026-07-10,True,2026-07-09,1,day_after,1,637520,US,US strikes kill three in western Iran: Iranian state media,Ahvaz town,US strikes kill three in western Iran: Iranian state media
[],realDonaldTrump,Donald J. Trump,[],2026-07-11 20:30:00,"<p>1000 Missiles are Locked and Loaded and aimed at the Islamic Republic of Iran, with thousands of more to immediately follow, should the Iranian Government act on its threat, pronounced in many corners of the Globe, to assassinate, or attempt to assassinate, the sitting President of the United States of America, in this case, ME! Orders have already been given, and the U.S. Military is ready, willing, and able, for a one year period of time, subject to extension, to completely decimate and destroy all areas of Iran - PRAISE BE TO ALLAH! President DONALD J. TRUMP</p>","1000 Missiles are Locked and Loaded and aimed at the Islamic Republic of Iran, with thousands of more to immediately follow, should the Iranian Government act on its threat, pronounced in many corners of the Globe, to assassinate, or attempt to assassinate, the sitting President of the United States of America, in this case, ME! Orders have already been given, and the U.S. Military is ready, willing, and able, for a one year period of time, subject to extension, to completely decimate and destroy all areas of Iran - PRAISE BE TO ALLAH! President DONALD J. TRUMP",2026-07-11 03:18:00+00:00,False,False,[],original,detail_default_no_reblog_or_quote_marker,,truth_social_post_from_trumpstruth_detail.v1,trumpstruth_status_detail,https://trumpstruth.org/statuses/39938,"{'eligible': True, 'exclusion_reason': None}",39938,116899176820572671,https://truthsocial.com/@realDonaldTrump/116899176820572671,2026-07-10 23:18:00-04:00,2026-07-10,True,2026-07-09,1,day_after,1,637520,US,US strikes kill three in western Iran: Iranian state media,Ahvaz town,US strikes kill three in western Iran: Iranian state media
[],realDonaldTrump,Donald J. Trump,[],2026-07-17 23:02:00,"<p>The Hormuz Strait is OPEN, and will remain OPEN, with or without Iran. We are reinstating the THE IRANIAN BLOCKADE, so named because it is only stopping Iran’s ships or customers from entering or leaving. All other countries will have fair and open use of the Strait. The U.S.A. will be, from this point forward, known as “THE GUARDIAN OF THE HORMUZ STRAIT,” but as such, and as a matter of FAIRNESS, will be reimbursed, at the rate of 20% on all cargo shipped, for any and all costs necessary to do the job of providing safety and security to this very volatile section of the World. The process and formation will begin immediately. Thank you for your attention to this matter! President DONALD J. TRUMP</p>","The Hormuz Strait is OPEN, and will remain OPEN, with or without Iran. We are reinstating the THE IRANIAN BLOCKADE, so named because it is only stopping Iran’s ships or customers from entering or leaving. All other countries will have fair and open use of the Strait. The U.S.A. will be, from this point forward, known as “THE GUARDIAN OF THE HORMUZ STRAIT,” but as such, and as a matter of FAIRNESS, will be reimbursed, at the rate of 20% on all cargo shipped, for any and all costs necessary to do the job of providing safety and security to this very volatile section of the World. The process and formation will begin immediately. Thank you for your attention to this matter! President DONALD J. TRUMP",2026-07-13 14:16:00+00:00,False,False,[],original,detail_default_no_reblog_or_quote_marker,,truth_social_post_from_trumpstruth_detail.v1,trumpstruth_status_detail,https://trumpstruth.org/statuses/40006,"{'eligible': True, 'exclusion_reason': None}",40006,116913091653271692,https://truthsocial.com/@realDonaldTrump/116913091653271692,2026-07-13 10:16:00-04:00,2026-07-13,True,2026-07-12,1,day_after,1,637523,US,Overnight US strikes killed Iranian soldier: media,Bandar-e Jask town,Overnight US strikes killed Iranian soldier: media
[],realDonaldTrump,Donald J. Trump,[],2026-07-17 23:02:00,"<p>The Hormuz Strait is OPEN, and will remain OPEN, with or without Iran. We are reinstating the THE IRANIAN BLOCKADE, so named because it is only stopping Iran’s ships or customers from entering or leaving. All other countries will have fair and open use of the Strait. The U.S.A. will be, from this point forward, known as “THE GUARDIAN OF THE HORMUZ STRAIT,” but as such, and as a matter of FAIRNESS, will be reimbursed, at the rate of 20% on all cargo shipped, for any and all costs necessary to do the job of providing safety and security to this very volatile section of the World. The process and formation will begin immediately. Thank you for your attention to this matter! President DONALD J. TRUMP</p>","The Hormuz Strait is OPEN, and will remain OPEN, with or without Iran. We are reinstating the THE IRANIAN BLOCKADE, so named because it is only stopping Iran’s ships or customers from entering or leaving. All other countries will have fair and open use of the Strait. The U.S.A. will be, from this point forward, known as “THE GUARDIAN OF THE HORMUZ STRAIT,” but as such, and as a matter of FAIRNESS, will be reimbursed, at the rate of 20% on all cargo shipped, for any and all costs necessary to do the job of providing safety and security to this very volatile section of the World. The process and formation will begin immediately. Thank you for your attention to this matter! President DONALD J. TRUMP",2026-07-13 14:16:00+00:00,False,False,[],original,detail_default_no_reblog_or_quote_marker,,truth_social_post_from_trumpstruth_detail.v1,trumpstruth_status_detail,https://trumpstruth.org/statuses/40006,"{'eligible': True, 'exclusion_reason': None}",40006,116913091653271692,https://truthsocial.com/@realDonaldTrump/116913091653271692,2026-07-13 10:16:00-04:00,2026-07-13,True,2026-07-13,0,day_of,2,637526 | 637528,US,"US strikes kill one, wound 4 in southwest Iran: state media | Several killed in latest U.S. strikes on Iran",Abadan town | Bandar-e Mahshahr town,"US strikes kill one, wound 4 in southwest Iran: state media;US strikes kill two in southwest Iran: local media;Three soldiers killed in US air strike in south-western Iran | Several killed in latest U.S. strikes on Iran"
[],realDonaldTrump,Donald J. Trump,[],2026-07-17 22:51:00,"<p>Old clip of Trump talking about Iran in 1980 goes viral: <a href=""https://wjla.com/news/nation-world/old-clip-of-trump-talking-about-iran-in-1980-goes-viral-israel-pete-hegseth-middle-east"" rel=""nofollow noopener noreferrer"" target=""_blank""><span class=""invisible"">https://</span><span class=""ellipsis"">wjla.com/news/nation-world/old</span><span class=""invisible"">-clip-of-trump-talking-about-iran-in-1980-goes-viral-israel-pete-hegseth-middle-east</span></a></p>",Old clip of Trump talking about Iran in 1980 goes viral: https://wjla.com/news/nation-world/old-clip-of-trump-talking-about-iran-in-1980-goes-viral-israel-pete-hegseth-middle-east,2026-07-14 14:28:00+00:00,False,False,[],original,detail_default_no_reblog_or_quote_marker,,truth_social_post_from_trumpstruth_detail.v1,trumpstruth_status_detail,https://trumpstruth.org/statuses/40024,"{'eligible': True, 'exclusion_reason': None}",40024,116918800567887958,https://truthsocial.com/@realDonaldTrump/116918800567887958,2026-07-14 10:28:00-04:00,2026-07-14,True,2026-07-13,1,day_after,2,637526 | 637528,US,"US strikes kill one, wound 4 in southwest Iran: state media | Several killed in latest U.S. strikes on Iran",Abadan town | Bandar-e Mahshahr town,"US strikes kill one, wound 4 in southwest Iran: state media;US strikes kill two in southwest Iran: local media;Three soldiers killed in US air strike in south-western Iran | Several killed in latest U.S. strikes on Iran"
[],realDonaldTrump,Donald J. Trump,[],2026-07-17 22:31:00,"<p>Trump claims military victory, points to economic progress in the wake of first-stage Iran deal: <a href=""https://www.washingtontimes.com/news/2026/jun/23/trump-claims-military-victory-points-economic-progress-wake-first/"" rel=""nofollow noopener noreferrer"" target=""_blank""><span class=""invisible"">https://www.</span><span class=""ellipsis"">washingtontimes.com/news/2026/</span><span class=""invisible"">jun/23/trump-claims-military-victory-points-economic-progress-wake-first/</span></a></p>","Trump claims military victory, points to economic progress in the wake of first-stage Iran deal: https://www.washingtontimes.com/news/2026/jun/23/trump-claims-military-victory-points-economic-progress-wake-first/",2026-07-14 14:34:00+00:00,False,False,[],original,detail_default_no_reblog_or_quote_marker,,truth_social_post_from_trumpstruth_detail.v1,trumpstruth_status_detail,https://trumpstruth.org/statuses/40032,"{'eligible': True, 'exclusion_reason': None}",40032,116918822625387784,https://truthsocial.com/@realDonaldTrump/116918822625387784,2026-07-14 10:34:00-04:00,2026-07-14,True,2026-07-13,1,day_after,2,637526 | 637528,US,"US strikes kill one, wound 4 in southwest Iran: state media | Several killed in latest U.S. strikes on Iran",Abadan town | Bandar-e Mahshahr town,"US strikes kill one, wound 4 in southwest Iran: state media;US strikes kill two in southwest Iran: local media;Three soldiers killed in US air strike in south-western Iran | Several killed in latest U.S. strikes on Iran"
[],realDonaldTrump,Donald J. Trump,[],2026-07-18 02:21:00,"<p>Oil is flowing like never before, thanks to the awesome Power of the United States Military. A special salute to Secretary of War, Pete Hegseth, Chairman of the Joint Chiefs of Staff, Dan Caine, and Commander of the United States Central Command, Admiral Brad Cooper. Because of them, and all members of the Most Powerful Military anywhere in the World, BY FAR, the Strait of Hormuz is open to ALL Ship traffic except for Iran — and that is because of their lying, violent, malicious leadership, which is taking them down the path of TOTAL DESTRUCTION. We will therefore have a FULL Blockade, but only on Ships coming to and from Iranian ports, or carrying anything have to do with Iranian cargo. Based on highly productive conversations with Middle East leadership, I have decided to replace the 20% United States Reimbursement Fee with Trade and Investment Deals that the various Gulf States will be making into the United States. Those Investments will be MASSIVE but, at the same time, extraordinarily good for them, and their future. As everyone is aware, we have the largest Dollar Investment into the United States, of any Country in History, but these new Investments will make that Number even larger, and we will see Factories, Plants, and Equipment pour into the United States at Historic levels, which will create additional millions of High Paying AMERICAN Jobs! America is WINNING again, winning like never before. The days of Iran killing hundreds of thousands of people, including 52,000 protestors, are OVER and, most importantly, IRAN WILL NEVER HAVE A NUCLEAR WEAPON! Thank you for your attention to this matter. President DONALD J. TRUMP</p>","Oil is flowing like never before, thanks to the awesome Power of the United States Military. A special salute to Secretary of War, Pete Hegseth, Chairman of the Joint Chiefs of Staff, Dan Caine, and Commander of the United States Central Command, Admiral Brad Cooper. Because of them, and all members of the Most Powerful Military anywhere in the World, BY FAR, the Strait of Hormuz is open to ALL Ship traffic except for Iran — and that is because of their lying, violent, malicious leadership, which is taking them down the path of TOTAL DESTRUCTION. We will therefore have a FULL Blockade, but only on Ships coming to and from Iranian ports, or carrying anything have to do with Iranian cargo. Based on highly productive conversations with Middle East leadership, I have decided to replace the 20% United States Reimbursement Fee with Trade and Investment Deals that the various Gulf States will be making into the United States. Those Investments will be MASSIVE but, at the same time, extraordinarily good for them, and their future. As everyone is aware, we have the largest Dollar Investment into the United States, of any Country in History, but these new Investments will make that Number even larger, and we will see Factories, Plants, and Equipment pour into the United States at Historic levels, which will create additional millions of High Paying AMERICAN Jobs! America is WINNING again, winning like never before. The days of Iran killing hundreds of thousands of people, including 52,000 protestors, are OVER and, most importantly, IRAN WILL NEVER HAVE A NUCLEAR WEAPON! Thank you for your attention to this matter. President DONALD J. TRUMP",2026-07-14 15:04:00+00:00,False,False,[],original,detail_default_no_reblog_or_quote_marker,,truth_social_post_from_trumpstruth_detail.v1,trumpstruth_status_detail,https://trumpstruth.org/statuses/40038,"{'eligible': True, 'exclusion_reason': None}",40038,116918941071241802,https://truthsocial.com/@realDonaldTrump/116918941071241802,2026-07-14 11:04:00-04:00,2026-07-14,True,2026-07-13,1,day_after,2,637526 | 637528,US,"US strikes kill one, wound 4 in southwest Iran: state media | Several killed in latest U.S. strikes on Iran",Abadan town | Bandar-e Mahshahr town,"US strikes kill one, wound 4 in southwest Iran: state media;US strikes kill two in southwest Iran: local media;Three soldiers killed in US air strike in south-western Iran | Several killed in latest U.S. strikes on Iran"
[],realDonaldTrump,Donald J. Trump,[],2026-07-17 23:02:00,"<p>The Hormuz Strait is OPEN, and will remain OPEN, with or without Iran. We are reinstating the THE IRANIAN BLOCKADE, so named because it is only stopping Iran’s ships or customers from entering or leaving. All other countries will have fair and open use of the Strait. The U.S.A. will be, from this point forward, known as “THE GUARDIAN OF THE HORMUZ STRAIT,” but as such, and as a matter of FAIRNESS, will be reimbursed, at the rate of 20% on all cargo shipped, for any and all costs necessary to do the job of providing safety and security to this very volatile section of the World. The process and formation will begin immediately. Thank you for your attention to this matter! President DONALD J. TRUMP</p>","The Hormuz Strait is OPEN, and will remain OPEN, with or without Iran. We are reinstating the THE IRANIAN BLOCKADE, so named because it is only stopping Iran’s ships or customers from entering or leaving. All other countries will have fair and open use of the Strait. The U.S.A. will be, from this point forward, known as “THE GUARDIAN OF THE HORMUZ STRAIT,” but as such, and as a matter of FAIRNESS, will be reimbursed, at the rate of 20% on all cargo shipped, for any and all costs necessary to do the job of providing safety and security to this very volatile section of the World. The process and formation will begin immediately. Thank you for your attention to this matter! President DONALD J. TRUMP",2026-07-13 14:16:00+00:00,False,False,[],original,detail_default_no_reblog_or_quote_marker,,truth_social_post_from_trumpstruth_detail.v1,trumpstruth_status_detail,https://trumpstruth.org/statuses/40006,"{'eligible': True, 'exclusion_reason': None}",40006,116913091653271692,https://truthsocial.com/@realDonaldTrump/116913091653271692,2026-07-13 10:16:00-04:00,2026-07-13,True,2026-07-14,-1,day_before,1,637532,US,"3rd LD: At least 3 killed, 4 injured in fresh U.S. strikes on Iran -- media",Hormozgan province,"3rd LD: At least 3 killed, 4 injured in fresh U.S. strikes on Iran -- media"
[],realDonaldTrump,Donald J. Trump,[],2026-07-17 22:51:00,"<p>Old clip of Trump talking about Iran in 1980 goes viral: <a href=""https://wjla.com/news/nation-world/old-clip-of-trump-talking-about-iran-in-1980-goes-viral-israel-pete-hegseth-middle-east"" rel=""nofollow noopener noreferrer"" target=""_blank""><span class=""invisible"">https://</span><span class=""ellipsis"">wjla.com/news/nation-world/old</span><span class=""invisible"">-clip-of-trump-talking-about-iran-in-1980-goes-viral-israel-pete-hegseth-middle-east</span></a></p>",Old clip of Trump talking about Iran in 1980 goes viral: https://wjla.com/news/nation-world/old-clip-of-trump-talking-about-iran-in-1980-goes-viral-israel-pete-hegseth-middle-east,2026-07-14 14:28:00+00:00,False,False,[],original,detail_default_no_reblog_or_quote_marker,,truth_social_post_from_trumpstruth_detail.v1,trumpstruth_status_detail,https://trumpstruth.org/statuses/40024,"{'eligible': True, 'exclusion_reason': None}",40024,116918800567887958,https://truthsocial.com/@realDonaldTrump/116918800567887958,2026-07-14 10:28:00-04:00,2026-07-14,True,2026-07-14,0,day_of,1,637532,US,"3rd LD: At least 3 killed, 4 injured in fresh U.S. strikes on Iran -- media",Hormozgan province,"3rd LD: At least 3 killed, 4 injured in fresh U.S. strikes on Iran -- media"
[],realDonaldTrump,Donald J. Trump,[],2026-07-17 22:31:00,"<p>Trump claims military victory, points to economic progress in the wake of first-stage Iran deal: <a href=""https://www.washingtontimes.com/news/2026/jun/23/trump-claims-military-victory-points-economic-progress-wake-first/"" rel=""nofollow noopener noreferrer"" target=""_blank""><span class=""invisible"">https://www.</span><span class=""ellipsis"">washingtontimes.com/news/2026/</span><span class=""invisible"">jun/23/trump-claims-military-victory-points-economic-progress-wake-first/</span></a></p>","Trump claims military victory, points to economic progress in the wake of first-stage Iran deal: https://www.washingtontimes.com/news/2026/jun/23/trump-claims-military-victory-points-economic-progress-wake-first/",2026-07-14 14:34:00+00:00,False,False,[],original,detail_default_no_reblog_or_quote_marker,,truth_social_post_from_trumpstruth_detail.v1,trumpstruth_status_detail,https://trumpstruth.org/statuses/40032,"{'eligible': True, 'exclusion_reason': None}",40032,116918822625387784,https://truthsocial.com/@realDonaldTrump/116918822625387784,2026-07-14 10:34:00-04:00,2026-07-14,True,2026-07-14,0,day_of,1,637532,US,"3rd LD: At least 3 killed, 4 injured in fresh U.S. strikes on Iran -- media",Hormozgan province,"3rd LD: At least 3 killed, 4 injured in fresh U.S. strikes on Iran -- media"
[],realDonaldTrump,Donald J. Trump,[],2026-07-18 02:21:00,"<p>Oil is flowing like never before, thanks to the awesome Power of the United States Military. A special salute to Secretary of War, Pete Hegseth, Chairman of the Joint Chiefs of Staff, Dan Caine, and Commander of the United States Central Command, Admiral Brad Cooper. Because of them, and all members of the Most Powerful Military anywhere in the World, BY FAR, the Strait of Hormuz is open to ALL Ship traffic except for Iran — and that is because of their lying, violent, malicious leadership, which is taking them down the path of TOTAL DESTRUCTION. We will therefore have a FULL Blockade, but only on Ships coming to and from Iranian ports, or carrying anything have to do with Iranian cargo. Based on highly productive conversations with Middle East leadership, I have decided to replace the 20% United States Reimbursement Fee with Trade and Investment Deals that the various Gulf States will be making into the United States. Those Investments will be MASSIVE but, at the same time, extraordinarily good for them, and their future. As everyone is aware, we have the largest Dollar Investment into the United States, of any Country in History, but these new Investments will make that Number even larger, and we will see Factories, Plants, and Equipment pour into the United States at Historic levels, which will create additional millions of High Paying AMERICAN Jobs! America is WINNING again, winning like never before. The days of Iran killing hundreds of thousands of people, including 52,000 protestors, are OVER and, most importantly, IRAN WILL NEVER HAVE A NUCLEAR WEAPON! Thank you for your attention to this matter. President DONALD J. TRUMP</p>","Oil is flowing like never before, thanks to the awesome Power of the United States Military. A special salute to Secretary of War, Pete Hegseth, Chairman of the Joint Chiefs of Staff, Dan Caine, and Commander of the United States Central Command, Admiral Brad Cooper. Because of them, and all members of the Most Powerful Military anywhere in the World, BY FAR, the Strait of Hormuz is open to ALL Ship traffic except for Iran — and that is because of their lying, violent, malicious leadership, which is taking them down the path of TOTAL DESTRUCTION. We will therefore have a FULL Blockade, but only on Ships coming to and from Iranian ports, or carrying anything have to do with Iranian cargo. Based on highly productive conversations with Middle East leadership, I have decided to replace the 20% United States Reimbursement Fee with Trade and Investment Deals that the various Gulf States will be making into the United States. Those Investments will be MASSIVE but, at the same time, extraordinarily good for them, and their future. As everyone is aware, we have the largest Dollar Investment into the United States, of any Country in History, but these new Investments will make that Number even larger, and we will see Factories, Plants, and Equipment pour into the United States at Historic levels, which will create additional millions of High Paying AMERICAN Jobs! America is WINNING again, winning like never before. The days of Iran killing hundreds of thousands of people, including 52,000 protestors, are OVER and, most importantly, IRAN WILL NEVER HAVE A NUCLEAR WEAPON! Thank you for your attention to this matter. President DONALD J. TRUMP",2026-07-14 15:04:00+00:00,False,False,[],original,detail_default_no_reblog_or_quote_marker,,truth_social_post_from_trumpstruth_detail.v1,trumpstruth_status_detail,https://trumpstruth.org/statuses/40038,"{'eligible': True, 'exclusion_reason': None}",40038,116918941071241802,https://truthsocial.com/@realDonaldTrump/116918941071241802,2026-07-14 11:04:00-04:00,2026-07-14,True,2026-07-14,0,day_of,1,637532,US,"3rd LD: At least 3 killed, 4 injured in fresh U.S. strikes on Iran -- media",Hormozgan province,"3rd LD: At least 3 killed, 4 injured in fresh U.S. strikes on Iran -- media"
[],realDonaldTrump,Donald J. Trump,[],2026-07-18 00:11:00,"<p>Iran has allowed an American Citizen, who was wrongfully detained in December of 2024 under the “presidency” of Sleepy Joe Biden, to leave the Country. She is now safely outside of Iran, and in good condition. The United States of America appreciates this gesture of Goodwill by Iran! President DONALD J. TRUMP</p>","Iran has allowed an American Citizen, who was wrongfully detained in December of 2024 under the “presidency” of Sleepy Joe Biden, to leave the Country. She is now safely outside of Iran, and in good condition. The United States of America appreciates this gesture of Goodwill by Iran! President DONALD J. TRUMP",2026-07-15 22:54:00+00:00,False,False,[],original,detail_default_no_reblog_or_quote_marker,,truth_social_post_from_trumpstruth_detail.v1,trumpstruth_status_detail,https://trumpstruth.org/statuses/40067,"{'eligible': True, 'exclusion_reason': None}",40067,116926450735170990,https://truthsocial.com/@realDonaldTrump/116926450735170990,2026-07-15 18:54:00-04:00,2026-07-15,True,2026-07-14,1,day_after,1,637532,US,"3rd LD: At least 3 killed, 4 injured in fresh U.S. strikes on Iran -- media",Hormozgan province,"3rd LD: At least 3 killed, 4 injured in fresh U.S. strikes on Iran -- media"
[],realDonaldTrump,Donald J. Trump,[],2026-07-17 22:51:00,"<p>Old clip of Trump talking about Iran in 1980 goes viral: <a href=""https://wjla.com/news/nation-world/old-clip-of-trump-talking-about-iran-in-1980-goes-viral-israel-pete-hegseth-middle-east"" rel=""nofollow noopener noreferrer"" target=""_blank""><span class=""invisible"">https://</span><span class=""ellipsis"">wjla.com/news/nation-world/old</span><span class=""invisible"">-clip-of-trump-talking-about-iran-in-1980-goes-viral-israel-pete-hegseth-middle-east</span></a></p>",Old clip of Trump talking about Iran in 1980 goes viral: https://wjla.com/news/nation-world/old-clip-of-trump-talking-about-iran-in-1980-goes-viral-israel-pete-hegseth-middle-east,2026-07-14 14:28:00+00:00,False,False,[],original,detail_default_no_reblog_or_quote_marker,,truth_social_post_from_trumpstruth_detail.v1,trumpstruth_status_detail,https://trumpstruth.org/statuses/40024,"{'eligible': True, 'exclusion_reason': None}",40024,116918800567887958,https://truthsocial.com/@realDonaldTrump/116918800567887958,2026-07-14 10:28:00-04:00,2026-07-14,True,2026-07-15,-1,day_before,1,637540,US,US strikes killed seven military personnel in southeast: Iran army,Bampur county,US strikes killed seven military personnel in southeast: Iran army;Iran says over 30 civilians killed in recent U.S. attacks
[],realDonaldTrump,Donald J. Trump,[],2026-07-17 22:31:00,"<p>Trump claims military victory, points to economic progress in the wake of first-stage Iran deal: <a href=""https://www.washingtontimes.com/news/2026/jun/23/trump-claims-military-victory-points-economic-progress-wake-first/"" rel=""nofollow noopener noreferrer"" target=""_blank""><span class=""invisible"">https://www.</span><span class=""ellipsis"">washingtontimes.com/news/2026/</span><span class=""invisible"">jun/23/trump-claims-military-victory-points-economic-progress-wake-first/</span></a></p>","Trump claims military victory, points to economic progress in the wake of first-stage Iran deal: https://www.washingtontimes.com/news/2026/jun/23/trump-claims-military-victory-points-economic-progress-wake-first/",2026-07-14 14:34:00+00:00,False,False,[],original,detail_default_no_reblog_or_quote_marker,,truth_social_post_from_trumpstruth_detail.v1,trumpstruth_status_detail,https://trumpstruth.org/statuses/40032,"{'eligible': True, 'exclusion_reason': None}",40032,116918822625387784,https://truthsocial.com/@realDonaldTrump/116918822625387784,2026-07-14 10:34:00-04:00,2026-07-14,True,2026-07-15,-1,day_before,1,637540,US,US strikes killed seven military personnel in southeast: Iran army,Bampur county,US strikes killed seven military personnel in southeast: Iran army;Iran says over 30 civilians killed in recent U.S. attacks
[],realDonaldTrump,Donald J. Trump,[],2026-07-18 02:21:00,"<p>Oil is flowing like never before, thanks to the awesome Power of the United States Military. A special salute to Secretary of War, Pete Hegseth, Chairman of the Joint Chiefs of Staff, Dan Caine, and Commander of the United States Central Command, Admiral Brad Cooper. Because of them, and all members of the Most Powerful Military anywhere in the World, BY FAR, the Strait of Hormuz is open to ALL Ship traffic except for Iran — and that is because of their lying, violent, malicious leadership, which is taking them down the path of TOTAL DESTRUCTION. We will therefore have a FULL Blockade, but only on Ships coming to and from Iranian ports, or carrying anything have to do with Iranian cargo. Based on highly productive conversations with Middle East leadership, I have decided to replace the 20% United States Reimbursement Fee with Trade and Investment Deals that the various Gulf States will be making into the United States. Those Investments will be MASSIVE but, at the same time, extraordinarily good for them, and their future. As everyone is aware, we have the largest Dollar Investment into the United States, of any Country in History, but these new Investments will make that Number even larger, and we will see Factories, Plants, and Equipment pour into the United States at Historic levels, which will create additional millions of High Paying AMERICAN Jobs! America is WINNING again, winning like never before. The days of Iran killing hundreds of thousands of people, including 52,000 protestors, are OVER and, most importantly, IRAN WILL NEVER HAVE A NUCLEAR WEAPON! Thank you for your attention to this matter. President DONALD J. TRUMP</p>","Oil is flowing like never before, thanks to the awesome Power of the United States Military. A special salute to Secretary of War, Pete Hegseth, Chairman of the Joint Chiefs of Staff, Dan Caine, and Commander of the United States Central Command, Admiral Brad Cooper. Because of them, and all members of the Most Powerful Military anywhere in the World, BY FAR, the Strait of Hormuz is open to ALL Ship traffic except for Iran — and that is because of their lying, violent, malicious leadership, which is taking them down the path of TOTAL DESTRUCTION. We will therefore have a FULL Blockade, but only on Ships coming to and from Iranian ports, or carrying anything have to do with Iranian cargo. Based on highly productive conversations with Middle East leadership, I have decided to replace the 20% United States Reimbursement Fee with Trade and Investment Deals that the various Gulf States will be making into the United States. Those Investments will be MASSIVE but, at the same time, extraordinarily good for them, and their future. As everyone is aware, we have the largest Dollar Investment into the United States, of any Country in History, but these new Investments will make that Number even larger, and we will see Factories, Plants, and Equipment pour into the United States at Historic levels, which will create additional millions of High Paying AMERICAN Jobs! America is WINNING again, winning like never before. The days of Iran killing hundreds of thousands of people, including 52,000 protestors, are OVER and, most importantly, IRAN WILL NEVER HAVE A NUCLEAR WEAPON! Thank you for your attention to this matter. President DONALD J. TRUMP",2026-07-14 15:04:00+00:00,False,False,[],original,detail_default_no_reblog_or_quote_marker,,truth_social_post_from_trumpstruth_detail.v1,trumpstruth_status_detail,https://trumpstruth.org/statuses/40038,"{'eligible': True, 'exclusion_reason': None}",40038,116918941071241802,https://truthsocial.com/@realDonaldTrump/116918941071241802,2026-07-14 11:04:00-04:00,2026-07-14,True,2026-07-15,-1,day_before,1,637540,US,US strikes killed seven military personnel in southeast: Iran army,Bampur county,US strikes killed seven military personnel in southeast: Iran army;Iran says over 30 civilians killed in recent U.S. attacks
[],realDonaldTrump,Donald J. Trump,[],2026-07-18 00:11:00,"<p>Iran has allowed an American Citizen, who was wrongfully detained in December of 2024 under the “presidency” of Sleepy Joe Biden, to leave the Country. She is now safely outside of Iran, and in good condition. The United States of America appreciates this gesture of Goodwill by Iran! President DONALD J. TRUMP</p>","Iran has allowed an American Citizen, who was wrongfully detained in December of 2024 under the “presidency” of Sleepy Joe Biden, to leave the Country. She is now safely outside of Iran, and in good condition. The United States of America appreciates this gesture of Goodwill by Iran! President DONALD J. TRUMP",2026-07-15 22:54:00+00:00,False,False,[],original,detail_default_no_reblog_or_quote_marker,,truth_social_post_from_trumpstruth_detail.v1,trumpstruth_status_detail,https://trumpstruth.org/statuses/40067,"{'eligible': True, 'exclusion_reason': None}",40067,116926450735170990,https://truthsocial.com/@realDonaldTrump/116926450735170990,2026-07-15 18:54:00-04:00,2026-07-15,True,2026-07-15,0,day_of,1,637540,US,US strikes killed seven military personnel in southeast: Iran army,Bampur county,US strikes killed seven military personnel in southeast: Iran army;Iran says over 30 civilians killed in recent U.S. attacks
[],realDonaldTrump,Donald J. Trump,[],2026-07-18 00:11:00,"<p>Iran has allowed an American Citizen, who was wrongfully detained in December of 2024 under the “presidency” of Sleepy Joe Biden, to leave the Country. She is now safely outside of Iran, and in good condition. The United States of America appreciates this gesture of Goodwill by Iran! President DONALD J. TRUMP</p>","Iran has allowed an American Citizen, who was wrongfully detained in December of 2024 under the “presidency” of Sleepy Joe Biden, to leave the Country. She is now safely outside of Iran, and in good condition. The United States of America appreciates this gesture of Goodwill by Iran! President DONALD J. TRUMP",2026-07-15 22:54:00+00:00,False,False,[],original,detail_default_no_reblog_or_quote_marker,,truth_social_post_from_trumpstruth_detail.v1,trumpstruth_status_detail,https://trumpstruth.org/statuses/40067,"{'eligible': True, 'exclusion_reason': None}",40067,116926450735170990,https://truthsocial.com/@realDonaldTrump/116926450735170990,2026-07-15 18:54:00-04:00,2026-07-15,True,2026-07-16,-1,day_before,1,637542,US,"At least 7 people killed as US airstrikes target bridges in southern Iran, Iranian state
television reports",Khamir county,"At least 7 people killed as US airstrikes target bridges in southern Iran, Iranian state
television reports;2nd LD: 1 killed, 7 wounded in fresh U.S. strikes against S. Iran -- media"
[],realDonaldTrump,Donald J. Trump,[],2026-07-21 12:31:00,"<p>Republicans should add Iran to the Russian Sanctions Bill. That’s what Lindsey wanted to do, and it was going to happen. IMPORTANT!!! President DJT</p>","Republicans should add Iran to the Russian Sanctions Bill. That’s what Lindsey wanted to do, and it was going to happen. IMPORTANT!!! President DJT",2026-07-19 11:54:00+00:00,False,False,[],original,detail_default_no_reblog_or_quote_marker,,truth_social_post_from_trumpstruth_detail.v1,trumpstruth_status_detail,https://trumpstruth.org/statuses/40107,"{'eligible': True, 'exclusion_reason': None}",40107,116946506480346191,https://truthsocial.com/@realDonaldTrump/116946506480346191,2026-07-19 07:54:00-04:00,2026-07-19,True,2026-07-18,1,day_after,1,637545,US,"US strikes kill 3, wound 8 in southern Iran: Iranian state media",Hormozgan province,"US strikes kill 3, wound 8 in southern Iran: Iranian state media"
[],realDonaldTrump,Donald J. Trump,[],2026-07-21 12:31:00,"<p>Republicans should add Iran to the Russian Sanctions Bill. That’s what Lindsey wanted to do, and it was going to happen. IMPORTANT!!! President DJT</p>","Republicans should add Iran to the Russian Sanctions Bill. That’s what Lindsey wanted to do, and it was going to happen. IMPORTANT!!! President DJT",2026-07-19 11:54:00+00:00,False,False,[],original,detail_default_no_reblog_or_quote_marker,,truth_social_post_from_trumpstruth_detail.v1,trumpstruth_status_detail,https://trumpstruth.org/statuses/40107,"{'eligible': True, 'exclusion_reason': None}",40107,116946506480346191,https://truthsocial.com/@realDonaldTrump/116946506480346191,2026-07-19 07:54:00-04:00,2026-07-19,True,2026-07-20,-1,day_before,1,637525,US,"1 killed, several wounded in U.S. overnight strikes on 2 provinces in Iran",Tabriz town,"1 killed, several wounded in U.S. overnight strikes on 2 provinces in Iran"
[],realDonaldTrump,Donald J. Trump,[],2026-07-21 11:41:00,"<p>Every time Iran kills an American Soldier they will pay for that killing many times over! This directive has been passed on to Secretary of War, Pete Hegseth, Chairman of the Joint Chiefs of Staff, Daniel Caine, and every Leader in the Military. President DONALD J. TRUMP</p>","Every time Iran kills an American Soldier they will pay for that killing many times over! This directive has been passed on to Secretary of War, Pete Hegseth, Chairman of the Joint Chiefs of Staff, Daniel Caine, and every Leader in the Military. President DONALD J. TRUMP",2026-07-20 16:41:00+00:00,False,False,[],original,detail_default_no_reblog_or_quote_marker,,truth_social_post_from_trumpstruth_detail.v1,trumpstruth_status_detail,https://trumpstruth.org/statuses/40158,"{'eligible': True, 'exclusion_reason': None}",40158,116953296612438865,https://truthsocial.com/@realDonaldTrump/116953296612438865,2026-07-20 12:41:00-04:00,2026-07-20,True,2026-07-20,0,day_of,1,637525,US,"1 killed, several wounded in U.S. overnight strikes on 2 provinces in Iran",Tabriz town,"1 killed, several wounded in U.S. overnight strikes on 2 provinces in Iran"
[],realDonaldTrump,Donald J. Trump,[],2026-07-21 13:05:00,"<p>Benjamin Netanyahu will not be arrested, in any way, shape, or form, while in the United States of America. He is fighting against the Islamic Republic of Iran, which recently killed 52,000 innocent protestors, and has spent the last 47 years killing American Soldiers, and others. The only ones that should be arrested are the people that led Iran into this unprecedented SPIRAL OF DEATH AND DESTRUCTION, something that should have been dealt with years ago, by previous Presidents! President DONALD J. TRUMP</p>","Benjamin Netanyahu will not be arrested, in any way, shape, or form, while in the United States of America. He is fighting against the Islamic Republic of Iran, which recently killed 52,000 innocent protestors, and has spent the last 47 years killing American Soldiers, and others. The only ones that should be arrested are the people that led Iran into this unprecedented SPIRAL OF DEATH AND DESTRUCTION, something that should have been dealt with years ago, by previous Presidents! President DONALD J. TRUMP",2026-07-20 16:50:00+00:00,False,False,[],original,detail_default_no_reblog_or_quote_marker,,truth_social_post_from_trumpstruth_detail.v1,trumpstruth_status_detail,https://trumpstruth.org/statuses/40159,"{'eligible': True, 'exclusion_reason': None}",40159,116953334292806992,https://truthsocial.com/@realDonaldTrump/116953334292806992,2026-07-20 12:50:00-04:00,2026-07-20,True,2026-07-20,0,day_of,1,637525,US,"1 killed, several wounded in U.S. overnight strikes on 2 provinces in Iran",Tabriz town,"1 killed, several wounded in U.S. overnight strikes on 2 provinces in Iran"
[],realDonaldTrump,Donald J. Trump,[],2026-07-21 11:32:00,"<p>I had a very good conversation with the new Prime Minister of the United Kingdom, Andy Burnham. We discussed many subjects, including the outstanding relationship we have had with the UK. We will be meeting in the not too distant future for topics of mutual interest. The Prime Minister has got a big job ahead of him, but he will be able to do it and, of course, the U.S.A. will be there to help! We discussed North Sea Oil, Trade, the Military Alliance, Demining of the Hormuz Strait, and many other topics. The call was interesting, and went very well. I wished Prime Minister Burnham, GOOD LUCK AND GODSPEED! President DONALD J. TRUMP</p>","I had a very good conversation with the new Prime Minister of the United Kingdom, Andy Burnham. We discussed many subjects, including the outstanding relationship we have had with the UK. We will be meeting in the not too distant future for topics of mutual interest. The Prime Minister has got a big job ahead of him, but he will be able to do it and, of course, the U.S.A. will be there to help! We discussed North Sea Oil, Trade, the Military Alliance, Demining of the Hormuz Strait, and many other topics. The call was interesting, and went very well. I wished Prime Minister Burnham, GOOD LUCK AND GODSPEED! President DONALD J. TRUMP",2026-07-20 22:18:00+00:00,False,False,[],original,detail_default_no_reblog_or_quote_marker,,truth_social_post_from_trumpstruth_detail.v1,trumpstruth_status_detail,https://trumpstruth.org/statuses/40161,"{'eligible': True, 'exclusion_reason': None}",40161,116954623645571071,https://truthsocial.com/@realDonaldTrump/116954623645571071,2026-07-20 18:18:00-04:00,2026-07-20,True,2026-07-20,0,day_of,1,637525,US,"1 killed, several wounded in U.S. overnight strikes on 2 provinces in Iran",Tabriz town,"1 killed, several wounded in U.S. overnight strikes on 2 provinces in Iran"
[],realDonaldTrump,Donald J. Trump,[],2026-07-26 21:53:00,"<p>Afghanistan War: 20 years, 2,000 DEAD.<br></br>Iraq War: 9 years, 4,600 DEAD.<br></br>Vietnam War: 19 years and 5 months, 58,220 DEAD.<br></br>Korean War: 3 years and 1 month, 36,574 DEAD.<br></br>Venezuela War: 1 day, 0 DEAD.<br></br>Iran Military Conflict: 4 months, 18 DEAD.</p>","Afghanistan War: 20 years, 2,000 DEAD.
Iraq War: 9 years, 4,600 DEAD.
Vietnam War: 19 years and 5 months, 58,220 DEAD.
Korean War: 3 years and 1 month, 36,574 DEAD.
Venezuela War: 1 day, 0 DEAD.
Iran Military Conflict: 4 months, 18 DEAD.",2026-07-21 19:51:00+00:00,False,False,[],original,detail_default_no_reblog_or_quote_marker,,truth_social_post_from_trumpstruth_detail.v1,trumpstruth_status_detail,https://trumpstruth.org/statuses/40175,"{'eligible': True, 'exclusion_reason': None}",40175,116959705309751797,https://truthsocial.com/@realDonaldTrump/116959705309751797,2026-07-21 15:51:00-04:00,2026-07-21,True,2026-07-20,1,day_after,1,637525,US,"1 killed, several wounded in U.S. overnight strikes on 2 provinces in Iran",Tabriz town,"1 killed, several wounded in U.S. overnight strikes on 2 provinces in Iran"
[],realDonaldTrump,Donald J. Trump,[],2026-07-26 21:53:00,"<p>Afghanistan War: 20 years, 2,000 DEAD.<br></br>Iraq War: 9 years, 4,600 DEAD.<br></br>Vietnam War: 19 years and 5 months, 58,220 DEAD.<br></br>Korean War: 3 years and 1 month, 36,574 DEAD.<br></br>Venezuela War: 1 day, 0 DEAD.<br></br>Iran Military Conflict: 4 months, 18 DEAD.</p>","Afghanistan War: 20 years, 2,000 DEAD.
Iraq War: 9 years, 4,600 DEAD.
Vietnam War: 19 years and 5 months, 58,220 DEAD.
Korean War: 3 years and 1 month, 36,574 DEAD.
Venezuela War: 1 day, 0 DEAD.
Iran Military Conflict: 4 months, 18 DEAD.",2026-07-21 19:51:00+00:00,False,False,[],original,detail_default_no_reblog_or_quote_marker,,truth_social_post_from_trumpstruth_detail.v1,trumpstruth_status_detail,https://trumpstruth.org/statuses/40175,"{'eligible': True, 'exclusion_reason': None}",40175,116959705309751797,https://truthsocial.com/@realDonaldTrump/116959705309751797,2026-07-21 15:51:00-04:00,2026-07-21,True,2026-07-22,-1,day_before,1,637743,US,US launches new strikes as Iran warns of regional turmoil,Shalamcheh border crossing,US launches new strikes as Iran warns of regional turmoil
[],realDonaldTrump,Donald J. Trump,[],2026-07-26 20:22:00,"<p>From this point forward, any time the Islamic Republic of Iran shoots at a ship in the Strait of Hormuz, whether it be by Missile, Rocket, Drone, or any other device or weapon, the United States will bomb and destroy ONE BRIDGE OR POWER PLANT, including those located next to, or in, the Capital City of Tehran. Thank you for your attention to this matter! President DONALD J. TRUMP</p>","From this point forward, any time the Islamic Republic of Iran shoots at a ship in the Strait of Hormuz, whether it be by Missile, Rocket, Drone, or any other device or weapon, the United States will bomb and destroy ONE BRIDGE OR POWER PLANT, including those located next to, or in, the Capital City of Tehran. Thank you for your attention to this matter! President DONALD J. TRUMP",2026-07-22 12:56:00+00:00,False,False,[],original,detail_default_no_reblog_or_quote_marker,,truth_social_post_from_trumpstruth_detail.v1,trumpstruth_status_detail,https://trumpstruth.org/statuses/40212,"{'eligible': True, 'exclusion_reason': None}",40212,116963738416841583,https://truthsocial.com/@realDonaldTrump/116963738416841583,2026-07-22 08:56:00-04:00,2026-07-22,True,2026-07-22,0,day_of,1,637743,US,US launches new strikes as Iran warns of regional turmoil,Shalamcheh border crossing,US launches new strikes as Iran warns of regional turmoil
[],realDonaldTrump,Donald J. Trump,[],2026-07-26 22:50:00,"<p>The Civil Nuclear Deal (There will be no enrichment of material!) being made between the United States Department of Energy and Saudi Arabia, which pertains only to non-military use such as the ones that Iran and UAE (and others) already have, will be approved, but is totally subject to Saudi Arabia joining the very respected and successful Abraham Accords. The United States is not opposed to Civil (Non-Enriched) Nuclear Facilities. Thank you for your attention to this matter! President DONALD J. TRUMP</p>","The Civil Nuclear Deal (There will be no enrichment of material!) being made between the United States Department of Energy and Saudi Arabia, which pertains only to non-military use such as the ones that Iran and UAE (and others) already have, will be approved, but is totally subject to Saudi Arabia joining the very respected and successful Abraham Accords. The United States is not opposed to Civil (Non-Enriched) Nuclear Facilities. Thank you for your attention to this matter! President DONALD J. TRUMP",2026-07-23 11:52:00+00:00,False,False,[],original,detail_default_no_reblog_or_quote_marker,,truth_social_post_from_trumpstruth_detail.v1,trumpstruth_status_detail,https://trumpstruth.org/statuses/40218,"{'eligible': True, 'exclusion_reason': None}",40218,116969149016233329,https://truthsocial.com/@realDonaldTrump/116969149016233329,2026-07-23 07:52:00-04:00,2026-07-23,True,2026-07-22,1,day_after,1,637743,US,US launches new strikes as Iran warns of regional turmoil,Shalamcheh border crossing,US launches new strikes as Iran warns of regional turmoil
[],realDonaldTrump,Donald J. Trump,[],2026-07-26 22:12:00,"<p>A year ago the United States of America attacked, very powerfully, the Houthis, for their interference with commerce and trade, by shooting at ships. Since that time, and during our conflict with Iran, they have acted very responsibly. Unfortunately, now they are starting up again, shooting at two Saudi Arabian ships last night. Please let this TRUTH serve to represent that if they do this again, the U.S. will hold Iran responsible, in that the Houthis are a Surrogate and/or Proxy of Iran, and major military punishment will be inflicted upon Iran and, of course, the Houthis, themselves, who I am very disappointed with in that they have, until now, acted very professionally and smart. Thank you for your attention to this matter! President DONALD J. TRUMP</p>","A year ago the United States of America attacked, very powerfully, the Houthis, for their interference with commerce and trade, by shooting at ships. Since that time, and during our conflict with Iran, they have acted very responsibly. Unfortunately, now they are starting up again, shooting at two Saudi Arabian ships last night. Please let this TRUTH serve to represent that if they do this again, the U.S. will hold Iran responsible, in that the Houthis are a Surrogate and/or Proxy of Iran, and major military punishment will be inflicted upon Iran and, of course, the Houthis, themselves, who I am very disappointed with in that they have, until now, acted very professionally and smart. Thank you for your attention to this matter! President DONALD J. TRUMP",2026-07-23 12:16:00+00:00,False,False,[],original,detail_default_no_reblog_or_quote_marker,,truth_social_post_from_trumpstruth_detail.v1,trumpstruth_status_detail,https://trumpstruth.org/statuses/40219,"{'eligible': True, 'exclusion_reason': None}",40219,116969243226176328,https://truthsocial.com/@realDonaldTrump/116969243226176328,2026-07-23 08:16:00-04:00,2026-07-23,True,2026-07-22,1,day_after,1,637743,US,US launches new strikes as Iran warns of regional turmoil,Shalamcheh border crossing,US launches new strikes as Iran warns of regional turmoil
[],realDonaldTrump,Donald J. Trump,[],2026-07-26 22:08:00,"<p>Please let this statement serve to represent, until further notice, that from this point forth, any and all damages done to Ships, Cargo, or anything related thereto, will be paid for by Iranian Money that the United States has in its possession, and controls. These damages may be very substantial but, nevertheless, this is the fair and equitable thing to do. Thank you for your attention to this matter! President DONALD J. TRUMP</p>","Please let this statement serve to represent, until further notice, that from this point forth, any and all damages done to Ships, Cargo, or anything related thereto, will be paid for by Iranian Money that the United States has in its possession, and controls. These damages may be very substantial but, nevertheless, this is the fair and equitable thing to do. Thank you for your attention to this matter! President DONALD J. TRUMP",2026-07-23 22:04:00+00:00,False,False,[],original,detail_default_no_reblog_or_quote_marker,,truth_social_post_from_trumpstruth_detail.v1,trumpstruth_status_detail,https://trumpstruth.org/statuses/40220,"{'eligible': True, 'exclusion_reason': None}",40220,116971555718513784,https://truthsocial.com/@realDonaldTrump/116971555718513784,2026-07-23 18:04:00-04:00,2026-07-23,True,2026-07-22,1,day_after,1,637743,US,US launches new strikes as Iran warns of regional turmoil,Shalamcheh border crossing,US launches new strikes as Iran warns of regional turmoil
[],realDonaldTrump,Donald J. Trump,[],2026-07-26 22:50:00,"<p>The Civil Nuclear Deal (There will be no enrichment of material!) being made between the United States Department of Energy and Saudi Arabia, which pertains only to non-military use such as the ones that Iran and UAE (and others) already have, will be approved, but is totally subject to Saudi Arabia joining the very respected and successful Abraham Accords. The United States is not opposed to Civil (Non-Enriched) Nuclear Facilities. Thank you for your attention to this matter! President DONALD J. TRUMP</p>","The Civil Nuclear Deal (There will be no enrichment of material!) being made between the United States Department of Energy and Saudi Arabia, which pertains only to non-military use such as the ones that Iran and UAE (and others) already have, will be approved, but is totally subject to Saudi Arabia joining the very respected and successful Abraham Accords. The United States is not opposed to Civil (Non-Enriched) Nuclear Facilities. Thank you for your attention to this matter! President DONALD J. TRUMP",2026-07-23 11:52:00+00:00,False,False,[],original,detail_default_no_reblog_or_quote_marker,,truth_social_post_from_trumpstruth_detail.v1,trumpstruth_status_detail,https://trumpstruth.org/statuses/40218,"{'eligible': True, 'exclusion_reason': None}",40218,116969149016233329,https://truthsocial.com/@realDonaldTrump/116969149016233329,2026-07-23 07:52:00-04:00,2026-07-23,True,2026-07-24,-1,day_before,1,637553,US,Iran says US attack on southwest kills at least four people,Ahvaz town,Iran says US attack on southwest kills at least four people
[],realDonaldTrump,Donald J. Trump,[],2026-07-26 22:12:00,"<p>A year ago the United States of America attacked, very powerfully, the Houthis, for their interference with commerce and trade, by shooting at ships. Since that time, and during our conflict with Iran, they have acted very responsibly. Unfortunately, now they are starting up again, shooting at two Saudi Arabian ships last night. Please let this TRUTH serve to represent that if they do this again, the U.S. will hold Iran responsible, in that the Houthis are a Surrogate and/or Proxy of Iran, and major military punishment will be inflicted upon Iran and, of course, the Houthis, themselves, who I am very disappointed with in that they have, until now, acted very professionally and smart. Thank you for your attention to this matter! President DONALD J. TRUMP</p>","A year ago the United States of America attacked, very powerfully, the Houthis, for their interference with commerce and trade, by shooting at ships. Since that time, and during our conflict with Iran, they have acted very responsibly. Unfortunately, now they are starting up again, shooting at two Saudi Arabian ships last night. Please let this TRUTH serve to represent that if they do this again, the U.S. will hold Iran responsible, in that the Houthis are a Surrogate and/or Proxy of Iran, and major military punishment will be inflicted upon Iran and, of course, the Houthis, themselves, who I am very disappointed with in that they have, until now, acted very professionally and smart. Thank you for your attention to this matter! President DONALD J. TRUMP",2026-07-23 12:16:00+00:00,False,False,[],original,detail_default_no_reblog_or_quote_marker,,truth_social_post_from_trumpstruth_detail.v1,trumpstruth_status_detail,https://trumpstruth.org/statuses/40219,"{'eligible': True, 'exclusion_reason': None}",40219,116969243226176328,https://truthsocial.com/@realDonaldTrump/116969243226176328,2026-07-23 08:16:00-04:00,2026-07-23,True,2026-07-24,-1,day_before,1,637553,US,Iran says US attack on southwest kills at least four people,Ahvaz town,Iran says US attack on southwest kills at least four people
[],realDonaldTrump,Donald J. Trump,[],2026-07-26 22:08:00,"<p>Please let this statement serve to represent, until further notice, that from this point forth, any and all damages done to Ships, Cargo, or anything related thereto, will be paid for by Iranian Money that the United States has in its possession, and controls. These damages may be very substantial but, nevertheless, this is the fair and equitable thing to do. Thank you for your attention to this matter! President DONALD J. TRUMP</p>","Please let this statement serve to represent, until further notice, that from this point forth, any and all damages done to Ships, Cargo, or anything related thereto, will be paid for by Iranian Money that the United States has in its possession, and controls. These damages may be very substantial but, nevertheless, this is the fair and equitable thing to do. Thank you for your attention to this matter! President DONALD J. TRUMP",2026-07-23 22:04:00+00:00,False,False,[],original,detail_default_no_reblog_or_quote_marker,,truth_social_post_from_trumpstruth_detail.v1,trumpstruth_status_detail,https://trumpstruth.org/statuses/40220,"{'eligible': True, 'exclusion_reason': None}",40220,116971555718513784,https://truthsocial.com/@realDonaldTrump/116971555718513784,2026-07-23 18:04:00-04:00,2026-07-23,True,2026-07-24,-1,day_before,1,637553,US,Iran says US attack on southwest kills at least four people,Ahvaz town,Iran says US attack on southwest kills at least four people
[],realDonaldTrump,Donald J. Trump,[],2026-07-27 01:02:00,"<p>President Xi, at our recent meeting in Beijing, China, told me that he would not, under any circumstances, give or sell Weapons to the Islamic Republic of Iran — And that statement included Chinese Companies. Considering our relationship, I take him at his word and, besides, l am doing him very big favors, also. Likewise, President Putin, despite the horrible War going on in Ukraine (The relationship remains, as it does with President Zelenskyy), told me that he would not sell Weapons to Iran. He understands that I do not sell Weapons to Ukraine, but to NATO Countries. They pay full price, and how those Weapons are distributed, I have no idea. Therefore, two major Countries that people speak of often in terms of Iran are, in my opinion, not participating. If they did, it would be very bad for them — Certainly not in their best interests. Thank you for your attention to this matter! President DONALD J. TRUMP</p>","President Xi, at our recent meeting in Beijing, China, told me that he would not, under any circumstances, give or sell Weapons to the Islamic Republic of Iran — And that statement included Chinese Companies. Considering our relationship, I take him at his word and, besides, l am doing him very big favors, also. Likewise, President Putin, despite the horrible War going on in Ukraine (The relationship remains, as it does with President Zelenskyy), told me that he would not sell Weapons to Iran. He understands that I do not sell Weapons to Ukraine, but to NATO Countries. They pay full price, and how those Weapons are distributed, I have no idea. Therefore, two major Countries that people speak of often in terms of Iran are, in my opinion, not participating. If they did, it would be very bad for them — Certainly not in their best interests. Thank you for your attention to this matter! President DONALD J. TRUMP",2026-07-24 15:15:00+00:00,False,False,[],original,detail_default_no_reblog_or_quote_marker,,truth_social_post_from_trumpstruth_detail.v1,trumpstruth_status_detail,https://trumpstruth.org/statuses/40232,"{'eligible': True, 'exclusion_reason': None}",40232,116975606621428184,https://truthsocial.com/@realDonaldTrump/116975606621428184,2026-07-24 11:15:00-04:00,2026-07-24,True,2026-07-24,0,day_of,1,637553,US,Iran says US attack on southwest kills at least four people,Ahvaz town,Iran says US attack on southwest kills at least four people
[],realDonaldTrump,Donald J. Trump,[],2026-07-27 00:41:00,"<p>Thank you Prime Minister Radev!</p><p>Bulgaria Backs Trump, Approves US Air Base Support Despite Iran Threats: <a href=""https://www.newsmax.com/newsfront/bulgaria-united-states-iran/2026/07/23/id/1263846/"" rel=""nofollow noopener noreferrer"" target=""_blank""><span class=""invisible"">https://www.</span><span class=""ellipsis"">newsmax.com/newsfront/bulgaria</span><span class=""invisible"">-united-states-iran/2026/07/23/id/1263846/</span></a></p>","Thank you Prime Minister Radev!
Bulgaria Backs Trump, Approves US Air Base Support Despite Iran Threats: https://www.newsmax.com/newsfront/bulgaria-united-states-iran/2026/07/23/id/1263846/",2026-07-24 17:01:00+00:00,False,False,[],original,detail_default_no_reblog_or_quote_marker,,truth_social_post_from_trumpstruth_detail.v1,trumpstruth_status_detail,https://trumpstruth.org/statuses/40234,"{'eligible': True, 'exclusion_reason': None}",40234,116976024406805765,https://truthsocial.com/@realDonaldTrump/116976024406805765,2026-07-24 13:01:00-04:00,2026-07-24,True,2026-07-24,0,day_of,1,637553,US,Iran says US attack on southwest kills at least four people,Ahvaz town,Iran says US attack on southwest kills at least four people
